process,workcenter,cap,intervalTime,numRate,product
2,3,37,29,1,2
2,3,55,50,1,339
2,3,21,0,1,162
2,3,37,34,1,251
2,3,52,2,1,270
2,3,58,44,1,341
2,3,34,25,1,56
2,3,34,58,1,101
2,3,32,36,1,205
2,3,59,34,1,157
2,3,45,1,1,46
2,3,20,13,1,177
2,3,27,51,1,272
2,3,28,21,1,71
2,3,55,32,1,343
2,3,41,49,1,129
2,3,43,47,1,16
2,3,51,14,1,84
2,3,48,30,1,169
2,3,43,29,1,170
2,3,45,52,1,180
2,3,43,4,1,100
2,3,22,42,1,238
2,3,60,7,1,15
2,3,60,14,1,41
2,3,43,49,1,305
2,3,41,54,1,90
2,3,22,5,1,239
2,3,20,36,1,253
2,3,56,3,1,345
2,3,41,4,1,128
2,3,31,45,1,201
2,3,40,18,1,130
2,3,48,5,1,214
2,3,35,43,1,143
2,3,54,7,1,200
2,3,21,10,1,178
2,3,17,14,1,252
2,3,19,11,1,202
2,3,37,38,1,193
2,3,23,59,1,292
2,3,43,1,1,91
2,3,45,24,1,300
2,3,16,40,1,206
2,3,40,47,1,85
2,3,51,4,1,264
2,3,40,60,1,72
2,3,20,13,1,312
2,3,51,37,1,215
2,3,46,52,1,131
2,3,37,39,1,118
2,3,28,8,1,182
2,3,13,34,1,288
2,3,45,24,1,346
2,3,19,8,1,17
2,3,22,23,1,103
2,3,46,9,1,258
2,3,57,23,1,278
2,3,25,27,1,335
2,3,35,12,1,58
2,3,54,22,1,326
2,3,50,56,1,110
2,3,31,27,1,18
2,3,32,48,1,47
2,3,17,30,1,255
2,3,35,51,1,4
2,3,34,9,1,254
2,3,20,15,1,328
2,3,32,40,1,348
2,3,40,53,1,34
2,3,20,32,1,225
2,3,45,34,1,93
2,3,56,2,1,273
2,3,29,55,1,256
2,3,52,6,1,331
2,3,57,14,1,163
2,3,54,58,1,171
2,3,30,51,1,293
2,3,56,15,1,287
2,3,20,17,1,73
2,3,45,23,1,234
2,3,50,26,1,60
2,3,50,32,1,48
2,3,22,34,1,349
2,3,33,23,1,132
2,3,44,47,1,194
2,3,60,46,1,325
2,3,48,17,1,195
2,3,32,18,1,306
2,3,59,9,1,183
2,3,23,33,1,184
2,3,60,3,1,350
2,3,57,19,1,59
2,3,29,6,1,158
2,3,18,30,1,311
2,3,53,27,1,316
2,3,20,46,1,274
2,3,39,51,1,216
2,3,46,57,1,104
2,3,50,15,1,294
2,3,24,21,1,164
2,3,17,9,1,61
2,3,58,15,1,188
2,3,36,16,1,145
2,3,55,44,1,263
2,3,60,15,1,285
2,3,34,8,1,241
2,3,56,14,1,223
2,3,35,48,1,330
2,3,16,50,1,351
2,3,13,19,1,286
2,3,30,41,1,86
2,3,50,31,1,63
2,3,23,29,1,7
2,3,23,56,1,235
2,3,55,3,1,19
2,3,36,35,1,111
2,3,29,53,1,352
2,3,44,35,1,112
2,3,16,28,1,189
2,3,15,14,1,353
2,3,34,57,1,147
2,3,29,1,1,105
2,3,39,23,1,120
2,3,28,23,1,313
2,3,33,3,1,21
2,3,53,51,1,49
2,3,26,3,1,24
2,3,26,60,1,74
2,3,23,18,1,75
2,3,54,58,1,354
2,3,33,0,1,266
2,3,14,54,1,148
2,3,51,58,1,94
2,3,48,17,1,159
2,3,58,29,1,127
2,3,42,5,1,355
2,3,51,51,1,356
2,3,19,20,1,38
2,3,52,39,1,135
2,3,21,1,1,28
2,3,32,3,1,289
2,3,44,19,1,357
2,3,26,5,1,303
2,3,31,38,1,29
2,3,49,9,1,224
2,3,55,31,1,244
2,3,24,8,1,275
2,3,40,26,1,22
2,3,40,23,1,276
2,3,19,55,1,209
2,3,34,46,1,23
2,3,41,58,1,173
2,3,50,52,1,358
2,3,15,43,1,213
2,3,53,39,1,126
2,3,42,29,1,36
2,3,58,28,1,245
2,3,40,6,1,8
2,3,24,22,1,314
2,3,40,20,1,281
2,3,33,54,1,106
2,3,13,34,1,96
2,3,21,50,1,149
2,3,35,13,1,134
2,3,52,60,1,144
2,3,13,36,1,20
2,3,44,13,1,196
2,3,59,37,1,50
2,3,59,9,1,146
2,3,53,22,1,279
2,3,53,47,1,203
2,3,50,23,1,207
2,3,31,60,1,360
2,3,40,37,1,338
2,3,34,14,1,26
2,3,45,19,1,115
2,3,47,16,1,212
2,3,55,23,1,119
2,3,17,38,1,172
2,3,15,32,1,361
2,3,22,15,1,190
2,3,24,0,1,95
2,3,41,36,1,77
2,3,44,19,1,52
2,3,17,14,1,87
2,3,43,35,1,166
2,3,56,53,1,217
2,3,20,5,1,114
2,3,23,6,1,37
2,3,14,34,1,227
2,3,39,26,1,186
2,3,60,3,1,113
2,3,27,15,1,283
2,3,56,53,1,10
2,3,51,46,1,122
2,3,29,0,1,11
2,3,46,9,1,97
2,3,45,41,1,123
2,3,41,0,1,121
2,3,15,56,1,208
2,3,25,17,1,187
2,3,43,11,1,51
2,3,40,20,1,321
2,3,51,51,1,62
2,3,32,22,1,308
2,3,53,26,1,248
2,3,25,48,1,9
2,3,37,19,1,174
2,3,34,56,1,125
2,3,16,27,1,296
2,3,52,14,1,39
2,3,18,43,1,140
2,3,20,54,1,290
2,3,34,60,1,362
2,3,57,21,1,160
2,3,18,33,1,297
2,3,32,7,1,228
2,3,36,19,1,98
2,3,56,16,1,155
2,3,33,42,1,198
2,3,33,33,1,54
2,3,47,11,1,222
2,3,35,41,1,259
2,3,29,33,1,197
2,3,26,28,1,211
2,3,46,9,1,246
2,3,46,56,1,334
2,3,48,48,1,219
2,3,48,16,1,304
2,3,47,25,1,79
2,3,26,39,1,116
2,3,13,1,1,267
2,3,55,10,1,323
2,3,49,10,1,229
2,3,59,16,1,124
2,3,25,13,1,280
2,3,36,10,1,261
2,3,60,46,1,220
2,3,16,24,1,337
2,3,59,14,1,165
2,3,15,6,1,249
2,3,36,39,1,257
2,3,44,41,1,250
2,3,36,14,1,298
2,3,48,58,1,269
2,3,41,2,1,88
2,3,18,56,1,237
2,3,54,45,1,89
2,3,57,24,1,333
2,3,24,39,1,218
2,3,57,53,1,210
2,3,15,19,1,65
2,3,25,12,1,295
2,3,58,6,1,154
2,3,13,44,1,175
2,3,15,23,1,363
2,3,56,30,1,260
2,3,22,9,1,243
2,3,17,15,1,317
2,3,26,13,1,291
2,3,60,60,1,185
2,3,30,11,1,42
2,3,53,56,1,78
2,3,21,58,1,319
2,3,32,40,1,364
2,3,33,14,1,309
2,3,16,42,1,322
2,3,30,57,1,327
2,3,36,21,1,139
2,3,51,36,1,232
2,3,45,9,1,268
2,3,31,44,1,53
2,3,37,48,1,150
2,3,54,53,1,107
64,5,39,21,1,2
64,5,42,24,1,345
64,5,50,59,1,112
74,5,43,16,1,2
74,5,23,16,1,349
74,5,56,36,1,74
74,5,18,60,1,25
74,5,33,11,1,165
74,5,26,24,1,53
74,5,60,16,1,150
74,5,34,51,1,97
74,5,40,47,1,307
74,5,23,3,1,65
36,7,16,20,1,2
36,7,50,58,1,339
36,7,14,43,1,162
36,7,50,19,1,251
36,7,44,19,1,270
36,7,25,6,1,341
36,7,60,42,1,56
36,7,38,35,1,101
36,7,56,55,1,205
36,7,32,42,1,157
36,7,48,52,1,46
36,7,59,46,1,177
36,7,39,12,1,272
36,7,29,7,1,71
36,7,54,52,1,343
36,7,59,42,1,129
36,7,44,19,1,16
36,7,32,4,1,84
36,7,31,1,1,169
36,7,25,30,1,170
36,7,15,5,1,180
36,7,50,39,1,100
36,7,36,18,1,238
36,7,18,7,1,15
36,7,55,13,1,41
36,7,57,37,1,305
36,7,19,24,1,90
36,7,52,23,1,239
36,7,20,43,1,253
36,7,39,26,1,128
36,7,37,32,1,201
36,7,42,48,1,130
36,7,24,53,1,214
36,7,55,32,1,200
36,7,23,38,1,178
36,7,31,35,1,252
36,7,35,11,1,202
36,7,31,16,1,292
36,7,16,32,1,91
36,7,45,36,1,300
36,7,15,24,1,206
36,7,39,45,1,85
36,7,55,24,1,264
36,7,43,58,1,72
36,7,55,21,1,312
36,7,55,24,1,215
36,7,46,14,1,131
36,7,56,43,1,118
36,7,46,30,1,182
36,7,17,27,1,288
36,7,22,16,1,346
36,7,18,3,1,17
36,7,24,10,1,109
36,7,42,16,1,103
36,7,34,23,1,258
36,7,39,33,1,278
36,7,38,6,1,335
36,7,58,26,1,58
36,7,52,12,1,326
36,7,30,34,1,110
36,7,42,50,1,18
36,7,34,16,1,47
36,7,41,36,1,255
36,7,46,13,1,4
36,7,50,27,1,254
36,7,18,27,1,328
36,7,57,2,1,348
36,7,26,27,1,34
36,7,23,36,1,225
36,7,26,18,1,93
36,7,35,38,1,273
36,7,50,1,1,256
36,7,19,54,1,331
36,7,21,28,1,163
36,7,41,57,1,171
36,7,38,28,1,293
36,7,31,29,1,287
36,7,59,49,1,73
36,7,20,27,1,234
36,7,45,15,1,60
36,7,45,35,1,349
36,7,47,23,1,132
36,7,31,56,1,194
36,7,51,51,1,325
36,7,47,28,1,92
36,7,20,52,1,195
36,7,24,33,1,306
36,7,43,30,1,183
36,7,47,58,1,184
36,7,34,38,1,350
36,7,37,51,1,59
36,7,47,36,1,158
36,7,16,59,1,311
36,7,59,47,1,316
36,7,50,59,1,274
36,7,51,3,1,216
36,7,51,29,1,104
36,7,34,15,1,294
36,7,39,24,1,164
36,7,60,21,1,61
36,7,46,31,1,188
36,7,37,39,1,145
36,7,14,29,1,204
36,7,46,8,1,263
36,7,47,0,1,285
36,7,17,38,1,241
36,7,50,3,1,223
36,7,28,5,1,330
36,7,24,52,1,351
36,7,29,33,1,286
36,7,50,52,1,86
36,7,36,18,1,63
36,7,34,17,1,242
36,7,55,0,1,7
36,7,26,5,1,235
36,7,35,1,1,19
36,7,38,54,1,111
36,7,24,26,1,352
36,7,58,58,1,112
36,7,25,8,1,353
36,7,57,45,1,147
36,7,55,59,1,105
36,7,17,28,1,120
36,7,19,14,1,313
36,7,35,53,1,21
36,7,48,8,1,24
36,7,29,53,1,74
36,7,60,8,1,75
36,7,35,52,1,354
36,7,51,11,1,148
36,7,34,34,1,94
36,7,56,58,1,159
36,7,42,9,1,64
36,7,57,33,1,127
36,7,16,49,1,38
36,7,32,58,1,135
36,7,45,35,1,28
36,7,27,34,1,289
36,7,55,26,1,357
36,7,39,16,1,303
36,7,55,10,1,31
36,7,52,24,1,29
36,7,56,40,1,224
36,7,35,46,1,244
36,7,55,27,1,275
36,7,50,12,1,22
36,7,49,37,1,276
36,7,41,44,1,23
36,7,59,5,1,173
36,7,29,59,1,358
36,7,36,21,1,213
36,7,51,22,1,126
36,7,52,21,1,36
36,7,48,16,1,245
36,7,53,35,1,8
36,7,38,40,1,314
36,7,24,44,1,281
36,7,29,58,1,106
36,7,22,27,1,96
36,7,37,13,1,149
36,7,34,37,1,134
36,7,16,14,1,144
36,7,42,21,1,20
36,7,55,16,1,196
36,7,15,14,1,50
36,7,40,52,1,146
36,7,29,53,1,279
36,7,30,53,1,203
36,7,17,3,1,207
36,7,25,47,1,360
36,7,15,29,1,338
36,7,59,60,1,26
36,7,20,46,1,115
36,7,21,46,1,212
36,7,23,53,1,119
36,7,55,58,1,172
36,7,22,6,1,25
36,7,52,22,1,190
36,7,41,2,1,95
36,7,56,21,1,77
36,7,22,1,1,52
36,7,23,24,1,87
36,7,21,23,1,166
36,7,55,32,1,217
36,7,23,26,1,114
36,7,54,9,1,37
36,7,15,7,1,227
36,7,34,53,1,117
36,7,40,54,1,186
36,7,49,8,1,113
36,7,27,48,1,283
36,7,40,32,1,10
36,7,37,9,1,122
36,7,27,38,1,11
36,7,37,46,1,97
36,7,16,24,1,123
36,7,52,30,1,121
36,7,18,19,1,208
36,7,57,3,1,187
36,7,23,10,1,51
36,7,39,10,1,321
36,7,54,22,1,62
36,7,49,31,1,308
36,7,31,12,1,248
36,7,13,21,1,9
36,7,29,27,1,125
36,7,52,3,1,296
36,7,32,17,1,39
36,7,53,18,1,140
36,7,33,37,1,290
36,7,43,6,1,160
36,7,47,50,1,297
36,7,19,41,1,228
36,7,16,55,1,98
36,7,46,32,1,155
36,7,33,51,1,198
36,7,24,47,1,54
36,7,44,42,1,222
36,7,45,36,1,259
36,7,17,18,1,197
36,7,34,8,1,211
36,7,20,45,1,246
36,7,21,55,1,310
36,7,33,23,1,219
36,7,32,41,1,304
36,7,50,39,1,79
36,7,47,5,1,116
36,7,16,37,1,267
36,7,16,49,1,323
36,7,37,8,1,229
36,7,23,59,1,280
36,7,41,38,1,261
36,7,32,53,1,220
36,7,16,7,1,337
36,7,21,47,1,165
36,7,52,11,1,307
36,7,35,1,1,249
36,7,33,27,1,257
36,7,26,47,1,250
36,7,22,5,1,298
36,7,24,45,1,269
36,7,60,19,1,88
36,7,50,7,1,237
36,7,41,1,1,89
36,7,60,2,1,333
36,7,29,56,1,218
36,7,50,21,1,210
36,7,32,33,1,65
36,7,51,59,1,295
36,7,45,11,1,154
36,7,48,14,1,363
36,7,42,21,1,260
36,7,27,51,1,332
36,7,54,55,1,243
36,7,30,48,1,317
36,7,29,26,1,291
36,7,16,5,1,185
36,7,58,34,1,42
36,7,46,25,1,78
36,7,15,3,1,319
36,7,21,50,1,364
36,7,48,5,1,309
36,7,45,24,1,322
36,7,27,51,1,327
36,7,22,41,1,232
36,7,37,33,1,268
36,7,15,56,1,53
36,7,33,52,1,282
36,7,37,11,1,150
36,7,34,11,1,107
46,7,33,57,1,2
46,7,27,41,1,205
46,7,45,54,1,272
46,7,44,54,1,169
46,7,13,48,1,202
46,7,25,45,1,21
46,7,45,48,1,74
46,7,17,55,1,64
46,7,15,4,1,28
46,7,32,43,1,357
46,7,28,16,1,358
46,7,53,51,1,281
46,7,53,31,1,196
46,7,15,51,1,166
46,7,23,32,1,117
46,7,14,18,1,186
46,7,16,27,1,39
46,7,19,0,1,290
46,7,19,50,1,198
46,7,39,59,1,222
46,7,51,43,1,246
46,7,24,51,1,267
46,7,58,7,1,295
46,7,59,3,1,317
46,7,16,4,1,291
46,7,22,39,1,78
27,8,36,53,1,2
27,8,47,48,1,270
27,8,19,21,1,205
27,8,57,2,1,71
27,8,20,60,1,169
27,8,23,17,1,170
27,8,33,34,1,15
27,8,51,58,1,41
27,8,18,46,1,253
27,8,24,11,1,201
27,8,25,23,1,252
27,8,56,11,1,193
27,8,28,37,1,264
27,8,16,45,1,72
27,8,57,9,1,326
27,8,28,14,1,254
27,8,56,39,1,194
27,8,54,13,1,195
27,8,30,24,1,184
27,8,24,0,1,311
27,8,23,42,1,74
27,8,59,38,1,64
27,8,18,23,1,173
27,8,51,15,1,196
27,8,13,10,1,26
27,8,21,8,1,166
27,8,31,10,1,308
27,8,26,47,1,39
27,8,49,4,1,140
27,8,37,2,1,290
27,8,29,38,1,155
27,8,52,6,1,222
27,8,56,41,1,116
27,8,55,9,1,267
27,8,23,33,1,124
27,8,22,13,1,280
27,8,14,11,1,261
27,8,50,17,1,295
27,8,24,54,1,154
27,8,49,4,1,260
27,8,30,57,1,317
27,8,44,4,1,291
27,8,13,23,1,42
27,8,38,23,1,78
27,8,13,57,1,232
27,8,23,30,1,53
27,8,26,49,1,107
57,8,50,27,1,2
57,8,51,29,1,339
57,8,16,39,1,162
57,8,52,45,1,251
57,8,22,10,1,71
57,8,26,49,1,239
57,8,43,59,1,200
57,8,28,19,1,252
57,8,25,53,1,193
57,8,54,30,1,206
57,8,22,31,1,103
57,8,32,34,1,225
57,8,42,54,1,273
57,8,30,8,1,60
57,8,17,54,1,316
57,8,30,8,1,145
57,8,32,39,1,263
57,8,21,23,1,112
57,8,54,32,1,353
57,8,46,52,1,21
57,8,13,6,1,135
57,8,60,0,1,357
57,8,53,58,1,303
57,8,20,49,1,31
57,8,37,9,1,173
57,8,31,12,1,358
57,8,22,39,1,36
57,8,40,3,1,314
57,8,26,23,1,96
57,8,44,36,1,149
57,8,33,15,1,146
57,8,59,50,1,26
57,8,21,50,1,186
57,8,56,24,1,97
57,8,48,14,1,248
57,8,24,14,1,160
57,8,34,10,1,54
57,8,19,46,1,310
57,8,46,9,1,116
57,8,50,52,1,267
57,8,58,48,1,261
57,8,56,56,1,269
57,8,49,53,1,65
57,8,15,44,1,327
57,8,32,3,1,150
29,10,46,7,1,2
29,10,50,22,1,205
29,10,60,44,1,169
29,10,16,53,1,15
29,10,39,40,1,41
29,10,15,43,1,254
29,10,53,28,1,348
29,10,33,59,1,184
29,10,45,38,1,357
29,10,60,8,1,276
29,10,51,49,1,26
29,10,26,48,1,166
29,10,23,25,1,222
29,10,22,41,1,116
29,10,13,21,1,267
29,10,29,53,1,261
29,10,32,17,1,218
29,10,38,13,1,291
29,10,31,10,1,78
29,10,54,10,1,364
49,10,46,13,1,2
49,10,51,11,1,162
49,10,24,8,1,341
49,10,32,54,1,46
49,10,41,19,1,71
49,10,18,0,1,100
49,10,52,33,1,202
49,10,13,45,1,85
49,10,55,50,1,131
49,10,43,11,1,182
49,10,37,3,1,255
49,10,24,60,1,348
49,10,30,32,1,225
49,10,40,38,1,60
49,10,13,2,1,184
49,10,43,40,1,145
49,10,45,46,1,330
49,10,17,33,1,86
49,10,56,6,1,235
49,10,30,29,1,75
49,10,48,25,1,31
49,10,38,7,1,276
49,10,50,20,1,50
49,10,25,55,1,186
49,10,53,27,1,62
49,10,38,48,1,310
49,10,27,49,1,267
49,10,41,21,1,307
49,10,14,34,1,210
49,10,55,43,1,154
49,10,17,11,1,363
49,10,55,43,1,317
49,10,39,27,1,282
36,7,49,32,1,142
36,7,24,37,1,324
38,9,21,28,1,2
38,9,20,7,1,339
38,9,38,14,1,1
38,9,40,49,1,162
38,9,49,20,1,142
38,9,32,28,1,340
38,9,54,37,1,40
38,9,27,23,1,341
38,9,51,16,1,27
38,9,37,19,1,271
38,9,53,33,1,33
38,9,54,52,1,99
38,9,46,25,1,299
38,9,59,6,1,176
38,9,41,20,1,3
38,9,48,2,1,13
38,9,23,11,1,205
38,9,39,25,1,181
38,9,39,39,1,342
38,9,30,4,1,70
38,9,28,7,1,156
38,9,55,1,1,168
38,9,14,0,1,169
38,9,34,1,1,344
38,9,18,48,1,108
38,9,54,3,1,324
38,9,40,15,1,15
38,9,19,55,1,233
38,9,33,43,1,301
38,9,52,54,1,312
38,9,40,17,1,192
38,9,13,7,1,35
38,9,51,15,1,83
38,9,52,16,1,43
38,9,16,47,1,347
38,9,58,8,1,277
38,9,52,55,1,254
38,9,48,5,1,329
38,9,50,18,1,226
38,9,47,0,1,302
38,9,33,28,1,184
38,9,17,19,1,316
38,9,29,11,1,179
38,9,18,35,1,161
38,9,37,16,1,265
38,9,24,58,1,86
38,9,51,33,1,336
38,9,27,53,1,102
38,9,32,55,1,242
38,9,18,8,1,120
38,9,42,60,1,133
38,9,23,17,1,64
38,9,52,38,1,357
38,9,47,46,1,31
38,9,45,18,1,276
38,9,22,11,1,359
38,9,24,3,1,126
38,9,41,54,1,245
38,9,38,1,1,136
38,9,32,58,1,236
38,9,48,18,1,26
38,9,21,28,1,361
38,9,38,8,1,25
38,9,26,28,1,166
38,9,16,17,1,141
38,9,60,15,1,62
38,9,25,0,1,191
38,9,57,42,1,262
38,9,25,32,1,30
38,9,23,16,1,310
38,9,25,48,1,79
38,9,45,41,1,66
38,9,32,55,1,269
38,9,43,51,1,151
38,9,57,46,1,218
38,9,43,31,1,153
38,9,16,45,1,81
38,9,42,0,1,152
38,9,46,59,1,154
38,9,50,48,1,230
38,9,24,45,1,260
38,9,16,27,1,247
38,9,31,24,1,291
38,9,44,56,1,364
38,9,51,22,1,138
38,9,41,36,1,32
38,9,55,3,1,282
38,9,37,38,1,82
34,5,35,6,1,2
34,5,14,26,1,339
34,5,35,49,1,162
34,5,45,19,1,251
34,5,32,1,1,44
34,5,46,33,1,142
34,5,27,3,1,270
34,5,15,25,1,68
34,5,25,26,1,340
34,5,51,19,1,40
34,5,23,6,1,341
34,5,55,10,1,271
34,5,48,21,1,45
34,5,20,20,1,56
34,5,28,37,1,33
34,5,35,53,1,99
34,5,29,52,1,76
34,5,44,35,1,176
34,5,21,17,1,3
34,5,51,35,1,57
34,5,30,22,1,101
34,5,54,57,1,205
34,5,59,3,1,157
34,5,13,51,1,46
34,5,48,22,1,181
34,5,36,7,1,177
34,5,34,12,1,67
34,5,32,7,1,272
34,5,18,38,1,70
34,5,42,16,1,71
34,5,58,27,1,343
34,5,28,20,1,129
34,5,24,44,1,16
34,5,24,39,1,84
34,5,23,46,1,169
34,5,32,13,1,170
34,5,42,9,1,180
34,5,16,7,1,108
34,5,44,10,1,100
34,5,24,30,1,324
34,5,41,55,1,12
34,5,25,41,1,15
34,5,40,4,1,41
34,5,55,37,1,305
34,5,33,23,1,90
34,5,35,30,1,239
34,5,29,8,1,69
34,5,50,8,1,233
34,5,21,45,1,253
34,5,38,25,1,345
34,5,44,12,1,128
34,5,51,5,1,201
34,5,29,49,1,130
34,5,41,43,1,214
34,5,49,51,1,143
34,5,42,19,1,200
34,5,19,57,1,178
34,5,25,57,1,167
34,5,22,35,1,252
34,5,50,28,1,202
34,5,28,2,1,55
34,5,24,26,1,292
34,5,26,9,1,91
34,5,51,20,1,300
34,5,57,3,1,206
34,5,19,19,1,85
34,5,15,3,1,301
34,5,40,23,1,264
34,5,14,36,1,72
34,5,36,57,1,312
34,5,49,18,1,215
34,5,42,55,1,131
34,5,34,58,1,118
34,5,33,25,1,192
34,5,20,38,1,284
34,5,22,0,1,182
34,5,52,19,1,288
34,5,20,43,1,346
34,5,18,45,1,17
34,5,55,8,1,109
34,5,15,48,1,103
34,5,38,21,1,258
34,5,44,19,1,83
34,5,29,60,1,278
34,5,57,23,1,335
34,5,50,1,1,58
34,5,59,39,1,326
34,5,19,49,1,110
34,5,15,33,1,18
34,5,56,20,1,277
34,5,34,2,1,47
34,5,20,16,1,255
34,5,52,9,1,4
34,5,56,8,1,254
34,5,50,23,1,328
34,5,46,1,1,348
34,5,33,33,1,34
34,5,13,43,1,225
34,5,54,40,1,93
34,5,44,10,1,273
34,5,19,59,1,240
34,5,22,21,1,256
34,5,58,14,1,331
34,5,15,0,1,163
34,5,51,5,1,171
34,5,22,53,1,226
34,5,47,55,1,293
34,5,41,30,1,287
34,5,30,52,1,73
34,5,17,51,1,234
34,5,21,39,1,60
34,5,42,54,1,48
34,5,39,25,1,349
34,5,22,37,1,132
34,5,35,29,1,194
34,5,19,43,1,325
34,5,33,24,1,92
34,5,32,2,1,195
34,5,41,48,1,306
34,5,30,58,1,302
34,5,29,21,1,183
34,5,20,31,1,184
34,5,54,50,1,350
34,5,49,22,1,59
34,5,32,46,1,158
34,5,57,59,1,311
34,5,49,2,1,316
34,5,46,29,1,274
34,5,57,14,1,216
34,5,49,40,1,104
34,5,45,60,1,294
34,5,54,6,1,164
34,5,18,59,1,61
34,5,33,34,1,188
34,5,43,13,1,145
34,5,16,3,1,5
34,5,21,41,1,204
34,5,21,43,1,199
34,5,16,53,1,263
34,5,20,24,1,285
34,5,41,6,1,241
34,5,32,31,1,223
34,5,60,26,1,315
34,5,52,20,1,330
34,5,52,8,1,351
34,5,23,24,1,286
34,5,19,40,1,86
34,5,28,49,1,6
34,5,28,52,1,63
34,5,49,27,1,336
34,5,60,50,1,242
34,5,60,21,1,7
34,5,45,11,1,235
34,5,55,34,1,19
34,5,56,5,1,111
34,5,38,17,1,352
34,5,43,46,1,112
34,5,43,28,1,353
34,5,21,20,1,147
34,5,23,52,1,105
34,5,30,1,1,120
34,5,41,46,1,313
34,5,57,29,1,133
34,5,47,1,1,21
34,5,31,17,1,49
34,5,27,42,1,24
34,5,57,1,1,318
34,5,13,10,1,74
34,5,57,53,1,75
34,5,13,28,1,354
34,5,49,38,1,266
34,5,59,29,1,148
34,5,42,26,1,94
34,5,14,31,1,159
34,5,18,23,1,64
34,5,59,49,1,127
34,5,38,1,1,38
34,5,24,57,1,135
34,5,14,58,1,28
34,5,59,49,1,289
34,5,36,60,1,357
34,5,27,56,1,303
34,5,50,39,1,31
34,5,19,29,1,29
34,5,48,38,1,224
34,5,26,33,1,244
34,5,25,29,1,275
34,5,21,44,1,22
34,5,45,15,1,276
34,5,18,27,1,23
34,5,27,44,1,173
34,5,24,30,1,358
34,5,23,51,1,213
34,5,56,43,1,126
34,5,41,20,1,36
34,5,56,53,1,245
34,5,18,45,1,8
34,5,44,12,1,314
34,5,17,12,1,281
34,5,32,18,1,136
34,5,53,29,1,106
34,5,48,3,1,96
34,5,35,7,1,149
34,5,53,38,1,134
34,5,24,19,1,144
34,5,22,0,1,20
34,5,48,16,1,196
34,5,57,21,1,50
34,5,25,47,1,146
34,5,33,59,1,236
34,5,30,31,1,207
34,5,36,39,1,360
34,5,37,30,1,338
34,5,24,57,1,26
34,5,35,56,1,115
34,5,16,54,1,212
34,5,51,41,1,119
34,5,25,28,1,172
34,5,38,40,1,25
34,5,23,6,1,190
34,5,14,60,1,95
34,5,34,40,1,77
34,5,20,1,1,52
34,5,15,14,1,137
34,5,25,11,1,87
34,5,47,24,1,166
34,5,51,57,1,217
34,5,50,19,1,114
34,5,39,6,1,37
34,5,25,35,1,227
34,5,47,12,1,117
34,5,22,35,1,186
34,5,59,41,1,113
34,5,34,16,1,283
34,5,36,21,1,320
34,5,53,9,1,10
34,5,21,29,1,122
34,5,29,2,1,11
34,5,25,42,1,97
34,5,60,27,1,123
34,5,41,50,1,121
34,5,54,17,1,221
34,5,41,59,1,208
34,5,22,7,1,187
34,5,34,55,1,51
34,5,18,33,1,321
34,5,28,56,1,62
34,5,60,35,1,308
34,5,24,36,1,248
34,5,47,57,1,9
34,5,45,35,1,174
34,5,24,50,1,296
34,5,26,24,1,39
34,5,27,55,1,140
34,5,50,21,1,290
34,5,24,10,1,262
34,5,59,42,1,30
34,5,54,50,1,362
34,5,43,15,1,160
34,5,24,45,1,297
34,5,57,13,1,228
34,5,22,6,1,98
34,5,33,39,1,155
34,5,15,34,1,198
34,5,21,49,1,54
34,5,26,20,1,222
34,5,16,43,1,259
34,5,37,9,1,197
34,5,39,22,1,211
34,5,34,19,1,246
34,5,27,49,1,310
34,5,32,24,1,334
34,5,58,17,1,219
34,5,14,2,1,304
34,5,20,31,1,79
34,5,25,38,1,116
34,5,58,40,1,66
34,5,47,5,1,267
34,5,55,36,1,323
34,5,38,58,1,229
34,5,57,48,1,80
34,5,31,48,1,124
34,5,43,11,1,280
34,5,30,40,1,261
34,5,35,26,1,220
34,5,58,34,1,337
34,5,27,47,1,165
34,5,53,7,1,307
34,5,17,41,1,249
34,5,13,15,1,257
34,5,20,58,1,250
34,5,17,14,1,298
34,5,14,39,1,269
34,5,36,28,1,88
34,5,59,35,1,237
34,5,52,0,1,89
34,5,58,25,1,333
34,5,21,2,1,218
34,5,14,46,1,210
34,5,56,10,1,65
34,5,59,18,1,81
34,5,33,4,1,152
34,5,14,8,1,295
34,5,57,49,1,154
34,5,22,41,1,363
34,5,58,21,1,260
34,5,50,3,1,332
34,5,57,58,1,243
34,5,59,16,1,317
34,5,33,53,1,291
34,5,53,18,1,185
34,5,22,23,1,42
34,5,36,54,1,78
34,5,40,36,1,14
34,5,26,36,1,319
34,5,40,38,1,309
34,5,30,38,1,322
34,5,40,14,1,327
34,5,47,22,1,138
34,5,31,20,1,139
34,5,47,55,1,232
34,5,16,17,1,231
34,5,42,21,1,268
34,5,30,25,1,53
34,5,46,6,1,282
34,5,56,11,1,150
34,5,13,32,1,107
13,4,46,41,1,2
13,4,17,4,1,162
13,4,49,30,1,251
13,4,25,47,1,270
13,4,23,42,1,56
13,4,34,46,1,101
13,4,32,36,1,177
13,4,37,20,1,272
13,4,15,6,1,71
13,4,21,22,1,129
13,4,56,29,1,169
13,4,41,26,1,170
13,4,28,4,1,238
13,4,16,26,1,15
13,4,60,40,1,305
13,4,42,31,1,90
13,4,38,39,1,239
13,4,22,29,1,253
13,4,16,20,1,128
13,4,46,11,1,201
13,4,16,25,1,130
13,4,32,21,1,178
13,4,43,53,1,252
13,4,59,45,1,193
13,4,30,36,1,292
13,4,51,24,1,91
13,4,25,50,1,300
13,4,43,46,1,206
13,4,28,1,1,85
13,4,41,28,1,264
13,4,20,28,1,72
13,4,42,20,1,131
13,4,13,46,1,346
13,4,53,46,1,258
13,4,21,58,1,335
13,4,15,28,1,326
13,4,27,16,1,110
13,4,15,31,1,18
13,4,30,56,1,254
13,4,46,48,1,328
13,4,32,54,1,348
13,4,35,56,1,34
13,4,59,40,1,293
13,4,14,26,1,287
13,4,41,49,1,60
13,4,45,45,1,194
13,4,29,35,1,195
13,4,21,38,1,306
13,4,46,22,1,184
13,4,52,12,1,59
13,4,22,8,1,158
13,4,46,38,1,311
13,4,50,42,1,274
13,4,24,15,1,216
13,4,37,50,1,351
13,4,52,32,1,63
13,4,32,51,1,7
13,4,39,56,1,352
13,4,18,0,1,147
13,4,38,49,1,313
13,4,47,54,1,49
13,4,32,44,1,148
13,4,49,54,1,159
13,4,19,30,1,64
13,4,42,50,1,127
13,4,35,28,1,356
13,4,42,34,1,289
13,4,28,7,1,29
13,4,16,48,1,224
13,4,59,29,1,244
13,4,28,48,1,173
13,4,18,13,1,358
13,4,21,50,1,213
13,4,28,17,1,8
13,4,20,41,1,106
13,4,50,36,1,134
13,4,55,15,1,20
13,4,33,2,1,196
13,4,52,0,1,50
13,4,28,55,1,279
13,4,54,2,1,207
13,4,35,1,1,115
13,4,46,11,1,212
13,4,37,18,1,119
13,4,28,60,1,172
13,4,44,38,1,87
13,4,39,35,1,166
13,4,25,46,1,186
13,4,59,54,1,10
13,4,46,17,1,122
13,4,46,37,1,11
13,4,60,41,1,121
13,4,20,7,1,208
13,4,42,43,1,187
13,4,37,46,1,308
13,4,53,55,1,9
13,4,28,26,1,140
13,4,14,60,1,290
13,4,19,5,1,362
13,4,27,57,1,297
13,4,33,2,1,228
13,4,32,25,1,98
13,4,30,10,1,155
13,4,28,54,1,54
13,4,23,56,1,222
13,4,36,19,1,334
13,4,29,0,1,304
13,4,38,4,1,116
13,4,59,10,1,267
13,4,36,1,1,229
13,4,30,40,1,124
13,4,36,8,1,280
13,4,57,22,1,261
13,4,49,6,1,337
13,4,31,26,1,249
13,4,33,26,1,250
13,4,55,34,1,89
13,4,17,48,1,65
13,4,49,60,1,154
13,4,31,11,1,317
13,4,40,50,1,291
13,4,13,9,1,42
13,4,41,40,1,139
13,4,13,55,1,232
13,4,33,20,1,268
12,3,41,20,1,2
12,3,18,49,1,162
12,3,32,14,1,142
12,3,41,36,1,270
12,3,29,23,1,68
12,3,35,42,1,45
12,3,46,58,1,56
12,3,17,25,1,33
12,3,17,4,1,76
12,3,13,26,1,101
12,3,60,10,1,205
12,3,56,37,1,177
12,3,46,41,1,67
12,3,33,20,1,71
12,3,16,11,1,84
12,3,42,49,1,170
12,3,42,12,1,180
12,3,46,59,1,238
12,3,53,44,1,324
12,3,52,34,1,12
12,3,39,34,1,15
12,3,36,17,1,305
12,3,43,4,1,90
12,3,57,25,1,239
12,3,17,31,1,130
12,3,31,13,1,214
12,3,17,59,1,200
12,3,16,41,1,178
12,3,23,29,1,167
12,3,43,50,1,252
12,3,55,60,1,202
12,3,23,21,1,55
12,3,50,8,1,91
12,3,44,10,1,300
12,3,41,28,1,206
12,3,52,18,1,85
12,3,42,12,1,301
12,3,42,18,1,72
12,3,29,59,1,131
12,3,20,7,1,118
12,3,42,8,1,284
12,3,41,28,1,288
12,3,54,42,1,346
12,3,36,55,1,17
12,3,28,59,1,109
12,3,60,53,1,103
12,3,49,18,1,278
12,3,51,59,1,335
12,3,15,34,1,18
12,3,47,54,1,277
12,3,35,15,1,47
12,3,40,28,1,255
12,3,56,56,1,4
12,3,39,20,1,254
12,3,37,36,1,34
12,3,56,50,1,93
12,3,14,25,1,273
12,3,45,24,1,240
12,3,60,16,1,256
12,3,37,47,1,163
12,3,59,41,1,171
12,3,32,26,1,226
12,3,58,10,1,293
12,3,25,8,1,287
12,3,21,22,1,48
12,3,52,48,1,349
12,3,27,57,1,194
12,3,58,22,1,325
12,3,30,13,1,92
12,3,54,52,1,306
12,3,45,7,1,183
12,3,47,51,1,184
12,3,32,9,1,274
12,3,45,9,1,216
12,3,27,23,1,294
12,3,34,48,1,164
12,3,40,37,1,188
12,3,28,15,1,5
12,3,42,17,1,204
12,3,28,20,1,199
12,3,27,39,1,263
12,3,36,58,1,285
12,3,26,39,1,241
12,3,50,7,1,223
12,3,49,2,1,330
12,3,15,28,1,351
12,3,55,51,1,286
12,3,48,13,1,7
12,3,54,30,1,352
12,3,50,37,1,112
12,3,55,24,1,353
12,3,54,29,1,147
12,3,53,21,1,105
12,3,41,59,1,120
12,3,48,10,1,313
12,3,33,20,1,49
12,3,50,4,1,24
12,3,31,1,1,266
12,3,60,59,1,148
12,3,53,19,1,159
12,3,36,55,1,355
12,3,36,41,1,38
12,3,25,16,1,135
12,3,39,52,1,28
12,3,41,55,1,31
12,3,60,32,1,29
12,3,54,0,1,224
12,3,54,51,1,244
12,3,27,28,1,22
12,3,56,46,1,209
12,3,56,7,1,23
12,3,52,53,1,36
12,3,16,34,1,245
12,3,25,14,1,314
12,3,36,41,1,106
12,3,52,29,1,96
12,3,53,28,1,149
12,3,30,35,1,134
12,3,17,14,1,144
12,3,36,8,1,50
12,3,48,15,1,146
12,3,55,9,1,203
12,3,17,9,1,236
12,3,54,20,1,207
12,3,58,7,1,338
12,3,57,58,1,26
12,3,20,24,1,115
12,3,53,14,1,212
12,3,60,21,1,119
12,3,24,25,1,172
12,3,43,37,1,25
12,3,51,60,1,95
12,3,24,9,1,87
12,3,20,9,1,166
12,3,35,12,1,186
12,3,49,1,1,283
12,3,19,29,1,10
12,3,36,23,1,122
12,3,17,4,1,11
12,3,52,8,1,123
12,3,44,33,1,208
12,3,41,38,1,51
12,3,58,5,1,321
12,3,24,24,1,62
12,3,29,54,1,248
12,3,37,55,1,9
12,3,33,8,1,125
12,3,51,31,1,140
12,3,13,26,1,191
12,3,36,4,1,362
12,3,30,7,1,297
12,3,14,15,1,228
12,3,55,37,1,155
12,3,42,48,1,198
12,3,34,59,1,259
12,3,25,2,1,197
12,3,24,36,1,246
12,3,49,8,1,334
12,3,14,57,1,219
12,3,29,59,1,304
12,3,27,59,1,79
12,3,22,18,1,116
12,3,29,36,1,66
12,3,23,22,1,267
12,3,26,60,1,323
12,3,19,14,1,80
12,3,32,33,1,124
12,3,23,18,1,261
12,3,26,15,1,220
12,3,14,17,1,337
12,3,45,59,1,165
12,3,32,3,1,249
12,3,53,21,1,298
12,3,27,49,1,88
12,3,56,34,1,237
12,3,15,59,1,210
12,3,35,49,1,65
12,3,16,22,1,81
12,3,40,24,1,152
12,3,56,33,1,295
12,3,25,25,1,317
12,3,21,17,1,185
12,3,15,54,1,78
12,3,51,13,1,319
12,3,38,41,1,309
12,3,14,5,1,322
12,3,33,46,1,327
12,3,47,0,1,138
12,3,34,16,1,139
12,3,14,24,1,268
12,3,33,60,1,53
12,3,22,59,1,150
12,3,43,56,1,107
66,7,19,40,1,339
66,7,51,60,1,269
64,5,24,9,1,339
64,5,49,30,1,162
64,5,24,18,1,251
64,5,37,3,1,270
64,5,26,35,1,341
64,5,14,17,1,56
64,5,35,42,1,205
64,5,60,21,1,157
64,5,44,36,1,46
64,5,47,26,1,177
64,5,30,60,1,272
64,5,51,47,1,71
64,5,40,19,1,343
64,5,53,0,1,16
64,5,34,11,1,169
64,5,31,12,1,170
64,5,41,57,1,180
64,5,15,11,1,15
64,5,36,20,1,305
64,5,30,14,1,90
64,5,13,0,1,239
64,5,31,16,1,253
64,5,35,48,1,201
64,5,39,9,1,130
64,5,47,21,1,143
64,5,53,18,1,178
64,5,31,28,1,252
64,5,26,33,1,202
64,5,14,40,1,292
64,5,41,16,1,300
64,5,50,40,1,206
64,5,24,52,1,85
64,5,50,60,1,264
64,5,17,19,1,72
64,5,53,43,1,312
64,5,60,10,1,215
64,5,20,50,1,131
64,5,58,53,1,118
64,5,24,43,1,182
64,5,29,22,1,288
64,5,27,45,1,346
64,5,35,41,1,17
64,5,28,32,1,109
64,5,43,8,1,103
64,5,46,47,1,258
64,5,58,53,1,278
64,5,19,26,1,335
64,5,60,57,1,326
64,5,20,35,1,110
64,5,16,3,1,18
64,5,40,38,1,4
64,5,33,48,1,254
64,5,13,17,1,328
64,5,30,51,1,348
64,5,16,6,1,34
64,5,43,15,1,225
64,5,32,40,1,93
64,5,13,16,1,331
64,5,16,24,1,163
64,5,51,57,1,287
64,5,15,27,1,234
64,5,51,23,1,349
64,5,48,12,1,132
64,5,57,40,1,194
64,5,46,8,1,325
64,5,49,32,1,306
64,5,21,25,1,183
64,5,44,59,1,184
64,5,58,43,1,350
64,5,25,11,1,59
64,5,55,10,1,158
64,5,28,48,1,311
64,5,34,10,1,316
64,5,43,21,1,274
64,5,52,31,1,216
64,5,48,15,1,104
64,5,41,16,1,164
64,5,17,38,1,61
64,5,26,29,1,188
64,5,38,37,1,263
64,5,35,53,1,285
64,5,13,50,1,241
64,5,44,54,1,330
64,5,18,11,1,351
64,5,30,30,1,86
64,5,32,35,1,63
64,5,29,18,1,242
64,5,23,14,1,7
64,5,58,0,1,235
64,5,57,4,1,19
64,5,20,19,1,352
64,5,46,20,1,189
64,5,39,56,1,353
64,5,50,12,1,147
64,5,23,56,1,105
64,5,13,37,1,120
64,5,31,57,1,21
64,5,40,39,1,49
64,5,25,31,1,24
64,5,51,9,1,74
64,5,46,58,1,148
64,5,54,16,1,94
64,5,22,26,1,159
64,5,52,58,1,64
64,5,23,47,1,127
64,5,34,34,1,356
64,5,29,28,1,38
64,5,44,51,1,28
64,5,60,56,1,289
64,5,32,6,1,357
64,5,44,51,1,303
64,5,34,1,1,29
64,5,36,48,1,224
64,5,20,9,1,275
64,5,55,42,1,276
64,5,28,51,1,209
64,5,22,20,1,173
64,5,27,46,1,213
64,5,17,53,1,126
64,5,32,58,1,245
64,5,60,36,1,8
64,5,33,16,1,281
64,5,19,40,1,106
64,5,55,34,1,96
64,5,22,20,1,149
64,5,20,44,1,134
64,5,26,17,1,144
64,5,32,44,1,20
64,5,31,39,1,196
64,5,59,51,1,203
64,5,50,2,1,207
64,5,46,45,1,360
64,5,38,6,1,26
64,5,18,46,1,212
64,5,53,36,1,119
64,5,48,29,1,172
64,5,44,45,1,190
64,5,18,4,1,95
64,5,57,0,1,52
64,5,21,41,1,166
64,5,18,21,1,217
64,5,25,57,1,114
64,5,23,30,1,37
64,5,14,17,1,186
64,5,13,35,1,113
64,5,51,4,1,283
64,5,30,15,1,10
64,5,38,56,1,122
64,5,26,29,1,11
64,5,13,23,1,121
64,5,27,17,1,208
64,5,20,41,1,187
64,5,59,44,1,51
64,5,26,14,1,321
64,5,56,7,1,308
64,5,23,57,1,248
64,5,30,19,1,9
64,5,21,1,1,296
64,5,13,17,1,39
64,5,23,38,1,140
64,5,14,2,1,160
64,5,47,49,1,297
64,5,32,9,1,228
64,5,17,14,1,98
64,5,52,6,1,155
64,5,22,59,1,198
64,5,32,4,1,54
64,5,41,42,1,222
64,5,22,15,1,259
64,5,16,13,1,197
64,5,30,51,1,211
64,5,58,18,1,246
64,5,29,26,1,334
64,5,42,5,1,219
64,5,17,57,1,79
64,5,45,51,1,116
64,5,15,15,1,267
64,5,50,26,1,323
64,5,51,60,1,229
64,5,60,6,1,124
64,5,35,44,1,280
64,5,18,1,1,261
64,5,21,48,1,220
64,5,27,60,1,337
64,5,39,42,1,165
64,5,31,18,1,249
64,5,36,4,1,257
64,5,54,40,1,250
64,5,57,30,1,298
64,5,34,14,1,269
64,5,37,55,1,88
64,5,17,44,1,237
64,5,54,36,1,89
64,5,27,3,1,333
64,5,47,47,1,218
64,5,40,7,1,295
64,5,55,37,1,175
64,5,35,50,1,363
64,5,59,60,1,260
64,5,24,44,1,243
64,5,40,47,1,317
64,5,55,37,1,291
64,5,20,45,1,185
64,5,24,53,1,42
64,5,26,34,1,78
64,5,29,17,1,319
64,5,27,11,1,364
64,5,23,37,1,309
64,5,38,49,1,322
64,5,42,7,1,327
64,5,25,12,1,232
64,5,33,45,1,268
64,5,47,35,1,53
64,5,46,47,1,150
64,5,51,37,1,107
49,10,20,28,1,339
49,10,59,30,1,143
49,10,44,2,1,126
49,10,52,46,1,227
49,10,23,51,1,269
49,10,25,19,1,332
44,5,30,34,1,339
44,5,29,59,1,270
44,5,36,12,1,341
44,5,42,16,1,56
44,5,33,29,1,101
44,5,23,49,1,157
44,5,27,0,1,177
44,5,40,22,1,71
44,5,47,28,1,343
44,5,44,38,1,129
44,5,14,20,1,170
44,5,29,45,1,238
44,5,53,57,1,305
44,5,13,2,1,90
44,5,40,48,1,239
44,5,40,45,1,128
44,5,50,22,1,130
44,5,55,34,1,143
44,5,25,45,1,200
44,5,33,19,1,202
44,5,41,14,1,193
44,5,54,38,1,292
44,5,19,8,1,91
44,5,29,26,1,300
44,5,57,6,1,85
44,5,13,52,1,312
44,5,25,52,1,131
44,5,31,33,1,182
44,5,48,44,1,346
44,5,34,35,1,103
44,5,39,11,1,258
44,5,60,18,1,58
44,5,30,56,1,254
44,5,41,4,1,225
44,5,42,43,1,234
44,5,19,57,1,60
44,5,52,22,1,132
44,5,16,10,1,325
44,5,22,3,1,195
44,5,40,23,1,184
44,5,30,35,1,158
44,5,21,30,1,316
44,5,60,38,1,216
44,5,28,9,1,61
44,5,14,2,1,330
44,5,59,54,1,351
44,5,58,23,1,63
44,5,13,35,1,7
44,5,59,39,1,235
44,5,46,11,1,19
44,5,38,7,1,111
44,5,24,60,1,112
44,5,35,35,1,189
44,5,53,57,1,120
44,5,37,31,1,21
44,5,36,4,1,49
44,5,55,41,1,74
44,5,19,29,1,75
44,5,33,31,1,354
44,5,58,19,1,127
44,5,24,24,1,289
44,5,26,47,1,357
44,5,38,37,1,303
44,5,23,46,1,224
44,5,43,22,1,213
44,5,15,44,1,36
44,5,52,57,1,8
44,5,60,45,1,281
44,5,44,31,1,106
44,5,57,11,1,96
44,5,27,46,1,134
44,5,29,8,1,20
44,5,54,51,1,50
44,5,58,46,1,279
44,5,27,10,1,203
44,5,48,23,1,207
44,5,20,41,1,338
44,5,21,39,1,119
44,5,47,42,1,77
44,5,40,19,1,166
44,5,26,53,1,227
44,5,57,41,1,186
44,5,15,0,1,122
44,5,15,26,1,121
44,5,28,17,1,208
44,5,40,6,1,187
44,5,16,34,1,308
44,5,34,19,1,248
44,5,59,60,1,174
44,5,46,53,1,296
44,5,16,23,1,290
44,5,44,19,1,297
44,5,46,0,1,228
44,5,38,30,1,98
44,5,31,38,1,155
44,5,16,16,1,54
44,5,15,43,1,222
44,5,22,1,1,334
44,5,46,41,1,229
44,5,55,1,1,124
44,5,23,23,1,249
44,5,21,17,1,269
44,5,26,15,1,89
44,5,19,28,1,65
44,5,28,48,1,154
44,5,14,41,1,317
44,5,60,38,1,291
44,5,48,27,1,42
44,5,31,40,1,309
44,5,19,28,1,268
44,5,51,28,1,53
51,2,32,46,1,339
51,2,32,26,1,251
51,2,28,6,1,270
51,2,38,49,1,205
51,2,56,24,1,71
51,2,54,0,1,169
51,2,41,38,1,170
51,2,45,19,1,15
51,2,20,5,1,41
51,2,13,7,1,253
51,2,36,11,1,201
51,2,49,11,1,178
51,2,20,19,1,252
51,2,22,55,1,193
51,2,28,51,1,264
51,2,41,18,1,72
51,2,44,32,1,58
51,2,50,14,1,326
51,2,51,27,1,254
51,2,38,52,1,194
51,2,53,3,1,184
51,2,20,4,1,311
51,2,15,3,1,316
51,2,20,14,1,6
51,2,43,47,1,7
51,2,59,36,1,120
51,2,39,35,1,313
51,2,46,46,1,74
51,2,57,14,1,75
51,2,58,41,1,94
51,2,41,12,1,64
51,2,32,13,1,289
51,2,27,34,1,303
51,2,36,8,1,224
51,2,35,49,1,173
51,2,39,39,1,358
51,2,44,4,1,196
51,2,21,27,1,26
51,2,13,50,1,166
51,2,21,25,1,227
51,2,51,33,1,321
51,2,47,13,1,62
51,2,49,12,1,308
51,2,28,22,1,140
51,2,15,35,1,362
51,2,17,32,1,228
51,2,27,2,1,155
51,2,52,40,1,211
51,2,39,2,1,304
51,2,23,18,1,79
51,2,57,47,1,116
51,2,15,13,1,267
51,2,27,5,1,280
51,2,40,36,1,261
51,2,56,14,1,337
51,2,20,5,1,307
51,2,57,44,1,249
51,2,49,3,1,250
51,2,25,33,1,269
51,2,29,31,1,89
51,2,46,16,1,218
51,2,38,8,1,295
51,2,35,56,1,260
51,2,41,34,1,332
51,2,56,27,1,291
51,2,60,22,1,322
51,2,55,46,1,53
51,2,43,34,1,107
38,9,51,0,1,251
38,9,28,31,1,44
38,9,49,21,1,270
38,9,55,42,1,45
38,9,57,56,1,56
38,9,56,42,1,76
38,9,44,51,1,57
38,9,26,27,1,101
38,9,57,9,1,157
38,9,37,24,1,46
38,9,49,42,1,177
38,9,41,37,1,67
38,9,52,38,1,272
38,9,23,60,1,71
38,9,36,35,1,343
38,9,45,34,1,129
38,9,18,17,1,16
38,9,28,48,1,84
38,9,59,16,1,170
38,9,49,37,1,180
38,9,48,24,1,100
38,9,47,44,1,12
38,9,24,46,1,41
38,9,19,18,1,305
38,9,32,16,1,90
38,9,17,34,1,239
38,9,13,47,1,69
38,9,25,48,1,253
38,9,56,24,1,345
38,9,26,53,1,128
38,9,19,5,1,201
38,9,60,39,1,130
38,9,17,26,1,214
38,9,58,35,1,143
38,9,49,26,1,200
38,9,59,59,1,178
38,9,50,29,1,167
38,9,49,0,1,252
38,9,48,16,1,202
38,9,14,55,1,55
38,9,47,2,1,193
38,9,56,18,1,292
38,9,37,8,1,91
38,9,47,22,1,300
38,9,51,32,1,206
38,9,54,24,1,85
38,9,53,23,1,264
38,9,58,52,1,72
38,9,37,36,1,215
38,9,41,22,1,131
38,9,36,16,1,118
38,9,58,1,1,284
38,9,36,29,1,182
38,9,49,24,1,288
38,9,43,52,1,346
38,9,37,26,1,17
38,9,49,1,1,109
38,9,43,38,1,103
38,9,25,49,1,258
38,9,51,52,1,278
38,9,15,31,1,335
38,9,29,19,1,58
38,9,55,34,1,326
38,9,27,11,1,110
38,9,30,21,1,18
38,9,24,48,1,47
38,9,23,58,1,255
38,9,16,16,1,4
38,9,21,49,1,328
38,9,45,18,1,348
38,9,60,57,1,34
38,9,36,14,1,225
38,9,34,27,1,93
38,9,51,60,1,273
38,9,24,49,1,240
38,9,51,6,1,256
38,9,20,33,1,331
38,9,18,17,1,163
38,9,37,4,1,171
38,9,34,52,1,293
38,9,52,3,1,287
38,9,42,57,1,73
38,9,48,4,1,60
38,9,53,51,1,48
38,9,46,38,1,349
38,9,60,32,1,132
38,9,25,50,1,194
38,9,43,14,1,325
38,9,14,53,1,92
38,9,25,55,1,195
38,9,53,23,1,306
38,9,20,5,1,183
38,9,44,37,1,350
38,9,33,52,1,59
38,9,46,0,1,158
38,9,38,31,1,311
38,9,36,59,1,274
38,9,27,46,1,216
38,9,16,9,1,104
38,9,43,46,1,294
38,9,24,38,1,164
38,9,25,31,1,61
38,9,46,2,1,188
38,9,57,53,1,145
38,9,56,18,1,5
38,9,50,28,1,204
38,9,54,55,1,199
38,9,14,35,1,263
38,9,13,60,1,285
38,9,48,7,1,241
38,9,56,38,1,223
38,9,27,11,1,315
38,9,51,20,1,330
38,9,25,40,1,351
38,9,32,15,1,286
38,9,58,36,1,6
38,9,14,41,1,63
38,9,43,44,1,7
38,9,45,53,1,235
38,9,59,28,1,19
38,9,50,37,1,111
38,9,25,47,1,352
38,9,31,19,1,112
38,9,37,15,1,353
38,9,21,39,1,147
38,9,33,10,1,105
38,9,19,12,1,313
38,9,24,56,1,21
38,9,38,54,1,49
38,9,23,11,1,24
38,9,41,12,1,318
38,9,53,21,1,74
38,9,59,25,1,75
38,9,43,16,1,354
38,9,49,42,1,266
38,9,28,54,1,148
38,9,58,58,1,94
38,9,43,51,1,159
38,9,51,30,1,127
38,9,55,13,1,355
38,9,57,17,1,356
38,9,29,19,1,38
38,9,22,45,1,135
38,9,58,18,1,28
38,9,41,5,1,289
38,9,26,7,1,303
38,9,54,20,1,29
38,9,41,58,1,224
38,9,27,39,1,244
38,9,25,4,1,275
38,9,56,24,1,22
38,9,39,59,1,23
38,9,49,10,1,173
38,9,31,60,1,358
38,9,32,56,1,213
38,9,31,32,1,36
38,9,39,0,1,8
38,9,31,0,1,314
38,9,15,22,1,281
38,9,33,21,1,106
38,9,43,33,1,96
38,9,30,42,1,149
38,9,13,47,1,134
38,9,18,21,1,144
38,9,24,31,1,20
38,9,35,60,1,196
38,9,21,25,1,50
38,9,29,19,1,146
38,9,30,31,1,279
38,9,59,23,1,203
38,9,54,11,1,207
38,9,35,10,1,360
38,9,33,53,1,338
38,9,26,59,1,115
38,9,58,9,1,212
38,9,13,37,1,119
38,9,33,33,1,172
38,9,56,23,1,190
38,9,16,5,1,95
38,9,47,4,1,77
38,9,31,3,1,52
38,9,36,34,1,137
38,9,18,7,1,87
38,9,23,31,1,217
38,9,57,17,1,114
38,9,24,43,1,37
38,9,30,48,1,227
38,9,47,30,1,117
38,9,43,29,1,186
38,9,39,22,1,113
38,9,37,12,1,283
38,9,43,1,1,320
38,9,14,50,1,10
38,9,60,49,1,122
38,9,43,39,1,11
38,9,36,6,1,97
38,9,47,14,1,123
38,9,47,53,1,121
38,9,54,32,1,221
38,9,20,27,1,208
38,9,29,42,1,187
38,9,15,33,1,51
38,9,51,8,1,321
38,9,56,17,1,308
38,9,44,11,1,248
38,9,44,19,1,9
38,9,38,60,1,174
38,9,35,27,1,296
38,9,53,4,1,39
38,9,48,16,1,140
38,9,15,45,1,290
38,9,33,58,1,362
38,9,50,42,1,160
38,9,29,29,1,297
38,9,49,26,1,228
38,9,13,56,1,98
38,9,49,49,1,155
38,9,15,18,1,198
38,9,14,2,1,54
38,9,21,37,1,222
38,9,45,5,1,259
38,9,32,9,1,197
38,9,17,16,1,211
38,9,35,14,1,246
38,9,18,57,1,334
38,9,14,31,1,219
38,9,38,53,1,304
38,9,44,19,1,116
38,9,53,44,1,267
38,9,59,20,1,323
38,9,22,39,1,229
38,9,19,27,1,80
38,9,50,36,1,280
38,9,25,0,1,261
38,9,39,24,1,220
38,9,43,10,1,337
38,9,25,33,1,165
38,9,58,6,1,307
38,9,32,22,1,249
38,9,59,19,1,257
38,9,14,54,1,250
38,9,57,34,1,298
38,9,34,47,1,88
38,9,38,23,1,237
38,9,46,23,1,89
38,9,39,14,1,333
38,9,43,59,1,210
38,9,21,40,1,65
38,9,35,14,1,295
38,9,52,52,1,175
38,9,29,50,1,363
38,9,54,40,1,332
38,9,23,55,1,243
38,9,25,28,1,317
38,9,49,13,1,185
38,9,25,12,1,42
38,9,21,50,1,78
38,9,54,53,1,14
38,9,21,17,1,319
38,9,26,20,1,309
38,9,35,25,1,322
38,9,26,47,1,327
38,9,15,55,1,139
38,9,54,49,1,232
38,9,23,32,1,268
38,9,55,26,1,53
38,9,34,0,1,150
38,9,55,42,1,107
12,3,59,6,1,339
12,3,16,50,1,340
12,3,32,16,1,271
12,3,19,43,1,99
12,3,28,22,1,176
12,3,26,49,1,3
12,3,24,14,1,57
12,3,46,45,1,181
12,3,25,24,1,70
12,3,49,24,1,156
12,3,13,3,1,108
12,3,58,51,1,100
12,3,47,30,1,41
12,3,49,11,1,69
12,3,41,53,1,233
12,3,55,21,1,345
12,3,45,37,1,83
12,3,50,19,1,58
12,3,34,50,1,329
12,3,45,35,1,132
12,3,41,33,1,350
12,3,30,46,1,316
12,3,47,50,1,179
12,3,41,46,1,315
12,3,21,33,1,265
12,3,40,23,1,86
12,3,18,37,1,102
12,3,47,14,1,19
12,3,60,25,1,126
12,3,31,3,1,136
12,3,59,3,1,137
12,3,25,37,1,308
12,3,19,19,1,222
12,3,43,56,1,269
12,3,40,4,1,151
12,3,57,21,1,153
12,3,37,33,1,363
12,3,39,55,1,247
12,3,29,40,1,32
27,8,38,26,1,339
27,8,24,33,1,60
27,8,40,26,1,358
27,8,46,0,1,227
27,8,60,27,1,62
27,8,48,55,1,269
27,8,34,40,1,332
27,8,51,41,1,322
18,9,28,34,1,1
18,9,19,49,1,44
18,9,49,25,1,142
18,9,51,20,1,68
18,9,50,54,1,340
18,9,39,33,1,40
18,9,32,35,1,27
18,9,57,33,1,271
18,9,39,35,1,45
18,9,22,55,1,99
18,9,60,29,1,76
18,9,53,56,1,299
18,9,25,17,1,176
18,9,56,32,1,3
18,9,49,29,1,57
18,9,27,28,1,13
18,9,27,47,1,181
18,9,51,59,1,342
18,9,56,9,1,70
18,9,31,32,1,156
18,9,37,49,1,168
18,9,15,45,1,344
18,9,38,37,1,108
18,9,15,4,1,324
18,9,21,52,1,12
18,9,47,27,1,69
18,9,52,53,1,233
18,9,28,37,1,167
18,9,41,56,1,55
18,9,45,36,1,301
18,9,46,60,1,192
18,9,32,28,1,288
18,9,22,41,1,35
18,9,49,44,1,83
18,9,36,24,1,43
18,9,54,25,1,347
18,9,46,59,1,110
18,9,21,9,1,47
18,9,43,16,1,255
18,9,56,24,1,240
18,9,16,11,1,329
18,9,19,22,1,226
18,9,33,55,1,325
18,9,28,35,1,302
18,9,59,5,1,5
18,9,50,32,1,179
18,9,48,44,1,204
18,9,26,33,1,161
18,9,23,20,1,241
18,9,34,10,1,315
18,9,52,45,1,265
18,9,21,8,1,336
18,9,18,47,1,102
18,9,20,42,1,133
18,9,50,34,1,318
18,9,52,40,1,31
18,9,51,14,1,244
18,9,45,42,1,359
18,9,45,11,1,136
18,9,47,57,1,236
18,9,14,29,1,137
18,9,13,33,1,114
18,9,48,31,1,320
18,9,32,19,1,141
18,9,55,54,1,191
18,9,53,24,1,262
18,9,40,27,1,30
18,9,56,5,1,246
18,9,51,37,1,310
18,9,20,57,1,80
18,9,39,52,1,151
18,9,42,15,1,153
18,9,25,38,1,81
18,9,21,28,1,152
18,9,13,18,1,230
18,9,49,30,1,247
18,9,36,55,1,14
18,9,45,33,1,319
18,9,35,15,1,138
18,9,43,18,1,231
18,9,38,39,1,32
18,9,21,9,1,82
24,5,49,58,1,1
24,5,13,31,1,43
24,5,28,6,1,329
24,5,36,17,1,230
24,5,26,26,1,82
68,9,60,37,1,1
68,9,20,33,1,340
68,9,44,39,1,40
68,9,17,8,1,27
68,9,28,4,1,271
68,9,40,52,1,33
68,9,19,54,1,99
68,9,35,23,1,76
68,9,51,27,1,299
68,9,35,51,1,176
68,9,23,31,1,3
68,9,49,22,1,13
68,9,29,24,1,181
68,9,46,55,1,342
68,9,59,56,1,70
68,9,43,26,1,156
68,9,14,6,1,168
68,9,38,33,1,344
68,9,38,57,1,108
68,9,20,36,1,69
68,9,50,42,1,233
68,9,54,8,1,301
68,9,52,12,1,192
68,9,16,34,1,35
68,9,13,8,1,83
68,9,39,37,1,43
68,9,54,29,1,347
68,9,42,12,1,277
68,9,22,60,1,240
68,9,22,15,1,329
68,9,16,43,1,226
68,9,17,18,1,302
68,9,38,45,1,179
68,9,13,29,1,161
68,9,14,54,1,265
68,9,40,28,1,336
68,9,59,50,1,102
68,9,31,5,1,31
68,9,26,20,1,359
68,9,18,54,1,136
68,9,17,17,1,236
68,9,40,34,1,191
68,9,48,43,1,262
68,9,29,33,1,30
68,9,31,48,1,310
68,9,33,6,1,66
68,9,19,33,1,80
68,9,54,33,1,151
68,9,58,26,1,153
68,9,40,27,1,81
68,9,38,22,1,152
68,9,21,9,1,230
68,9,30,58,1,247
68,9,41,57,1,138
68,9,38,57,1,32
68,9,29,22,1,82
67,8,56,55,1,1
67,8,39,54,1,44
67,8,43,49,1,340
67,8,57,27,1,40
67,8,33,28,1,27
67,8,34,44,1,271
67,8,19,57,1,33
67,8,58,7,1,99
67,8,54,5,1,76
67,8,42,46,1,299
67,8,43,34,1,176
67,8,47,58,1,3
67,8,28,22,1,57
67,8,38,51,1,13
67,8,22,37,1,181
67,8,43,37,1,342
67,8,41,14,1,70
67,8,35,0,1,156
67,8,53,8,1,168
67,8,21,44,1,344
67,8,33,48,1,108
67,8,43,45,1,12
67,8,55,22,1,69
67,8,25,27,1,233
67,8,17,24,1,301
67,8,28,32,1,192
67,8,13,4,1,35
67,8,32,27,1,83
67,8,13,47,1,43
67,8,54,23,1,347
67,8,54,37,1,277
67,8,26,42,1,240
67,8,23,23,1,329
67,8,45,48,1,226
67,8,39,5,1,302
67,8,48,30,1,179
67,8,57,19,1,161
67,8,22,1,1,265
67,8,16,29,1,336
67,8,13,25,1,102
67,8,49,48,1,133
67,8,43,7,1,31
67,8,44,0,1,359
67,8,21,10,1,136
67,8,38,29,1,236
67,8,14,56,1,141
67,8,48,25,1,191
67,8,32,55,1,262
67,8,37,11,1,30
67,8,47,14,1,310
67,8,33,18,1,66
67,8,14,26,1,80
67,8,44,44,1,151
67,8,18,19,1,153
67,8,58,13,1,81
67,8,19,40,1,152
67,8,60,20,1,230
67,8,48,44,1,247
67,8,37,1,1,138
67,8,54,0,1,32
67,8,46,41,1,82
42,3,32,29,1,1
34,5,40,9,1,1
34,5,14,49,1,27
34,5,28,6,1,13
34,5,31,23,1,342
34,5,25,57,1,156
34,5,30,12,1,344
34,5,25,13,1,347
34,5,49,55,1,179
34,5,56,18,1,359
34,5,34,37,1,151
34,5,33,2,1,153
34,5,20,32,1,32
12,3,26,37,1,1
12,3,40,24,1,27
12,3,22,38,1,13
12,3,24,45,1,168
12,3,29,44,1,344
12,3,50,43,1,35
12,3,40,17,1,43
12,3,35,51,1,347
12,3,22,19,1,302
12,3,56,47,1,161
12,3,51,31,1,336
12,3,36,42,1,354
12,3,27,52,1,359
12,3,32,40,1,141
12,3,35,39,1,39
12,3,45,4,1,262
12,3,55,6,1,30
12,3,57,40,1,310
12,3,13,43,1,230
12,3,60,21,1,82
54,5,47,33,1,162
54,5,43,10,1,305
54,5,45,34,1,182
54,5,18,60,1,103
54,5,48,50,1,328
54,5,41,32,1,104
54,5,32,46,1,330
54,5,17,25,1,303
54,5,20,3,1,121
54,5,52,3,1,229
73,4,24,43,1,162
73,4,35,2,1,46
74,5,51,42,1,162
74,5,24,30,1,341
74,5,51,40,1,177
74,5,29,15,1,71
74,5,37,8,1,129
74,5,40,19,1,128
74,5,39,47,1,200
74,5,18,38,1,178
74,5,20,6,1,202
74,5,51,13,1,91
74,5,38,10,1,131
74,5,32,54,1,288
74,5,21,59,1,103
74,5,26,55,1,258
74,5,32,54,1,58
74,5,27,13,1,110
74,5,53,0,1,18
74,5,40,7,1,47
74,5,13,36,1,255
74,5,54,19,1,4
74,5,22,12,1,328
74,5,53,32,1,34
74,5,55,50,1,225
74,5,52,29,1,273
74,5,18,19,1,256
74,5,39,49,1,287
74,5,53,47,1,60
74,5,39,50,1,132
74,5,49,43,1,325
74,5,27,19,1,306
74,5,22,30,1,274
74,5,60,12,1,164
74,5,21,36,1,188
74,5,27,30,1,145
74,5,21,57,1,241
74,5,16,28,1,242
74,5,22,8,1,353
74,5,29,13,1,147
74,5,56,21,1,21
74,5,27,21,1,75
74,5,34,41,1,127
74,5,28,36,1,355
74,5,24,56,1,275
74,5,22,31,1,106
74,5,13,59,1,96
74,5,17,32,1,149
74,5,36,24,1,144
74,5,20,22,1,20
74,5,38,46,1,50
74,5,57,9,1,279
74,5,14,45,1,207
74,5,53,47,1,212
74,5,41,23,1,190
74,5,41,22,1,95
74,5,47,57,1,52
74,5,50,46,1,217
74,5,26,17,1,114
74,5,24,28,1,117
74,5,17,9,1,186
74,5,36,53,1,122
74,5,53,51,1,121
74,5,48,5,1,248
74,5,55,31,1,9
74,5,58,45,1,140
74,5,15,52,1,160
74,5,21,50,1,98
74,5,35,37,1,155
74,5,57,41,1,198
74,5,46,60,1,54
74,5,45,42,1,197
74,5,29,24,1,246
74,5,37,50,1,304
74,5,37,19,1,323
74,5,24,59,1,124
74,5,58,58,1,220
74,5,55,59,1,337
74,5,49,17,1,298
74,5,26,4,1,295
74,5,53,25,1,154
74,5,16,20,1,363
74,5,18,20,1,243
74,5,43,20,1,317
74,5,33,43,1,185
74,5,45,40,1,42
74,5,27,32,1,319
74,5,23,7,1,327
74,5,43,6,1,139
73,4,59,1,1,129
73,4,43,17,1,170
73,4,30,52,1,180
73,4,55,36,1,100
73,4,23,47,1,41
73,4,30,58,1,128
73,4,17,19,1,202
73,4,59,59,1,72
73,4,56,55,1,312
73,4,51,0,1,110
73,4,56,13,1,18
73,4,58,43,1,348
73,4,14,48,1,60
73,4,57,29,1,194
73,4,15,2,1,306
73,4,54,19,1,61
73,4,24,49,1,263
73,4,22,16,1,285
73,4,20,10,1,241
73,4,53,32,1,330
73,4,31,41,1,7
73,4,39,59,1,235
73,4,35,13,1,120
73,4,38,57,1,75
73,4,24,50,1,354
73,4,28,57,1,64
73,4,38,11,1,356
73,4,26,25,1,357
73,4,17,53,1,276
73,4,57,55,1,106
73,4,20,18,1,50
73,4,34,22,1,360
73,4,57,49,1,26
73,4,57,39,1,172
73,4,37,40,1,95
73,4,18,11,1,166
73,4,31,23,1,114
73,4,45,33,1,208
73,4,24,47,1,308
73,4,49,1,1,39
73,4,25,52,1,290
73,4,40,40,1,362
73,4,56,9,1,228
73,4,22,33,1,222
73,4,59,18,1,211
73,4,22,14,1,304
73,4,41,33,1,79
73,4,14,24,1,116
73,4,56,33,1,267
73,4,18,28,1,229
73,4,51,45,1,280
73,4,45,48,1,261
73,4,45,51,1,165
73,4,34,1,1,307
73,4,34,15,1,218
73,4,56,6,1,295
73,4,26,39,1,154
73,4,55,32,1,291
73,4,23,39,1,78
73,4,20,6,1,319
73,4,35,30,1,364
73,4,57,10,1,322
73,4,15,5,1,53
73,4,16,8,1,282
77,8,32,43,1,162
77,8,20,48,1,100
77,8,46,16,1,241
77,8,53,58,1,95
77,8,36,29,1,227
77,8,59,20,1,307
77,8,33,50,1,319
31,2,33,44,1,162
31,2,15,6,1,177
31,2,32,35,1,16
31,2,41,24,1,214
31,2,28,5,1,200
31,2,44,32,1,55
31,2,47,49,1,215
31,2,22,28,1,346
31,2,29,28,1,103
31,2,48,51,1,335
31,2,56,44,1,58
31,2,35,33,1,47
31,2,16,44,1,328
31,2,37,2,1,225
31,2,35,33,1,93
31,2,43,34,1,73
31,2,42,0,1,60
31,2,25,38,1,349
31,2,16,54,1,132
31,2,24,0,1,59
31,2,39,12,1,274
31,2,49,47,1,104
31,2,32,12,1,61
31,2,54,1,1,145
31,2,50,19,1,285
31,2,59,2,1,241
31,2,26,6,1,286
31,2,37,37,1,242
31,2,34,52,1,120
31,2,59,0,1,74
31,2,60,29,1,75
31,2,36,31,1,354
31,2,47,33,1,64
31,2,52,4,1,357
31,2,54,15,1,303
31,2,28,41,1,244
31,2,42,30,1,276
31,2,30,34,1,173
31,2,29,14,1,358
31,2,43,28,1,36
31,2,29,12,1,314
31,2,23,31,1,281
31,2,58,6,1,96
31,2,18,58,1,144
31,2,39,57,1,360
31,2,32,0,1,95
31,2,20,28,1,77
31,2,51,9,1,114
31,2,31,30,1,117
31,2,36,45,1,113
31,2,42,15,1,11
31,2,59,10,1,9
31,2,43,57,1,174
31,2,51,32,1,125
31,2,25,51,1,262
31,2,60,18,1,54
31,2,46,45,1,88
31,2,26,49,1,218
31,2,32,21,1,210
31,2,59,22,1,152
31,2,45,50,1,291
31,2,59,1,1,78
31,2,19,22,1,319
31,2,40,6,1,139
31,2,32,41,1,268
31,2,16,10,1,282
31,2,54,0,1,150
27,8,59,54,1,162
27,8,16,0,1,292
27,8,25,34,1,85
27,8,39,15,1,58
27,8,28,47,1,48
27,8,14,55,1,92
27,8,40,15,1,5
27,8,14,15,1,241
27,8,41,12,1,330
27,8,21,15,1,75
27,8,35,17,1,303
27,8,29,39,1,95
27,8,17,58,1,114
27,8,49,4,1,296
27,8,39,4,1,297
27,8,22,17,1,334
27,8,58,31,1,319
25,6,42,47,1,162
40,1,34,53,1,162
49,10,20,42,1,169
49,10,45,40,1,15
49,10,47,23,1,41
49,10,53,12,1,254
49,10,52,13,1,26
49,10,49,44,1,39
39,10,15,8,1,162
39,10,32,5,1,101
39,10,35,58,1,84
39,10,19,21,1,91
39,10,43,35,1,206
39,10,35,48,1,346
39,10,16,34,1,47
39,10,53,41,1,256
39,10,59,10,1,293
39,10,43,60,1,306
39,10,32,40,1,145
39,10,46,48,1,112
39,10,13,17,1,189
39,10,41,2,1,21
39,10,38,40,1,24
39,10,20,35,1,209
39,10,31,5,1,36
39,10,26,39,1,96
39,10,36,47,1,144
39,10,13,40,1,160
39,10,40,35,1,259
39,10,37,35,1,197
32,3,38,1,1,251
32,3,50,45,1,91
15,6,21,13,1,251
15,6,58,45,1,205
15,6,30,51,1,71
15,6,36,13,1,169
15,6,39,50,1,15
15,6,17,35,1,253
15,6,52,35,1,264
15,6,42,49,1,184
15,6,18,18,1,285
15,6,24,16,1,354
15,6,41,16,1,94
15,6,55,58,1,64
15,6,33,10,1,173
15,6,28,0,1,222
15,6,35,0,1,79
15,6,36,40,1,116
15,6,41,4,1,267
15,6,39,5,1,261
15,6,49,12,1,307
15,6,60,28,1,89
15,6,31,45,1,291
15,6,41,23,1,322
37,8,31,6,1,251
37,8,13,60,1,205
37,8,57,52,1,272
37,8,24,2,1,169
37,8,20,34,1,15
37,8,25,30,1,41
37,8,44,45,1,253
37,8,43,48,1,201
37,8,34,51,1,178
37,8,20,12,1,252
37,8,14,18,1,264
37,8,33,7,1,72
37,8,57,6,1,326
37,8,35,1,1,194
37,8,54,37,1,311
37,8,31,10,1,263
37,8,29,15,1,86
37,8,46,46,1,6
37,8,57,37,1,148
37,8,47,20,1,94
37,8,23,26,1,64
37,8,58,41,1,173
37,8,31,1,1,196
37,8,51,13,1,26
37,8,42,60,1,172
37,8,35,47,1,321
37,8,48,14,1,62
37,8,53,55,1,140
37,8,15,1,1,211
37,8,48,47,1,79
37,8,59,0,1,116
37,8,25,31,1,267
37,8,21,4,1,280
37,8,48,29,1,261
37,8,56,40,1,337
37,8,16,6,1,250
37,8,19,16,1,295
37,8,50,24,1,260
37,8,54,35,1,322
37,8,31,57,1,232
37,8,50,30,1,107
49,10,42,59,1,251
49,10,25,15,1,270
49,10,38,0,1,56
49,10,33,38,1,170
49,10,41,5,1,253
49,10,41,26,1,201
49,10,14,34,1,178
49,10,46,6,1,252
49,10,59,34,1,193
49,10,59,19,1,264
49,10,40,52,1,72
49,10,60,8,1,258
49,10,57,28,1,326
49,10,52,34,1,194
49,10,21,17,1,306
49,10,31,32,1,311
49,10,17,30,1,354
49,10,50,5,1,148
49,10,39,23,1,94
49,10,41,10,1,303
49,10,24,51,1,224
49,10,20,36,1,203
49,10,26,33,1,321
49,10,45,51,1,228
49,10,23,55,1,155
49,10,35,18,1,222
49,10,42,49,1,211
49,10,57,2,1,79
49,10,15,60,1,337
49,10,53,1,1,250
49,10,39,22,1,88
49,10,31,57,1,89
49,10,19,47,1,333
27,8,44,13,1,251
27,8,40,60,1,101
27,8,52,33,1,272
27,8,47,1,1,343
27,8,46,31,1,90
27,8,35,36,1,239
27,8,31,26,1,345
27,8,16,22,1,143
27,8,47,30,1,178
27,8,13,11,1,91
27,8,16,31,1,206
27,8,45,9,1,312
27,8,18,6,1,131
27,8,60,3,1,258
27,8,55,10,1,163
27,8,20,45,1,306
27,8,18,22,1,316
27,8,27,54,1,263
27,8,60,26,1,6
27,8,54,14,1,111
27,8,59,19,1,354
27,8,49,25,1,148
27,8,48,55,1,94
27,8,51,45,1,289
27,8,22,48,1,224
27,8,26,28,1,126
27,8,38,45,1,8
27,8,21,56,1,203
27,8,19,35,1,172
27,8,39,3,1,361
27,8,30,46,1,77
27,8,50,25,1,321
27,8,49,35,1,248
27,8,38,41,1,174
27,8,29,53,1,211
27,8,42,43,1,79
27,8,23,2,1,337
27,8,31,43,1,249
27,8,57,45,1,250
27,8,21,12,1,88
27,8,41,37,1,89
27,8,41,50,1,333
27,8,21,2,1,364
27,8,25,6,1,268
31,2,45,47,1,251
31,2,37,5,1,76
31,2,38,49,1,205
31,2,46,2,1,71
31,2,43,16,1,169
31,2,52,30,1,170
31,2,30,48,1,12
31,2,53,42,1,15
31,2,43,46,1,41
31,2,39,5,1,253
31,2,41,49,1,201
31,2,19,12,1,178
31,2,13,60,1,193
31,2,42,55,1,301
31,2,20,44,1,72
31,2,58,9,1,18
31,2,52,37,1,254
31,2,48,43,1,240
31,2,39,18,1,256
31,2,49,15,1,226
31,2,22,44,1,194
31,2,28,55,1,195
31,2,19,3,1,306
31,2,36,9,1,184
31,2,24,19,1,311
31,2,24,50,1,315
31,2,20,26,1,112
31,2,56,4,1,355
31,2,28,13,1,31
31,2,54,38,1,8
31,2,46,7,1,106
31,2,32,48,1,196
31,2,44,16,1,203
31,2,59,15,1,236
31,2,35,49,1,26
31,2,15,38,1,25
31,2,18,34,1,166
31,2,21,60,1,227
31,2,18,57,1,308
31,2,25,8,1,296
31,2,32,51,1,140
31,2,30,47,1,30
31,2,32,44,1,228
31,2,31,11,1,222
31,2,51,17,1,211
31,2,54,17,1,246
31,2,22,38,1,310
31,2,55,60,1,66
31,2,47,9,1,267
31,2,26,44,1,124
31,2,49,45,1,165
31,2,21,5,1,81
31,2,44,10,1,185
31,2,51,31,1,231
31,2,20,43,1,53
44,5,34,23,1,251
55,6,40,3,1,251
55,6,52,57,1,132
55,6,23,36,1,354
55,6,49,7,1,289
55,6,39,36,1,303
55,6,60,39,1,321
55,6,31,57,1,248
55,6,20,44,1,296
55,6,59,50,1,88
55,6,16,35,1,89
55,6,22,52,1,322
12,3,31,34,1,251
12,3,15,41,1,40
12,3,52,33,1,341
12,3,35,19,1,157
12,3,58,7,1,46
12,3,13,17,1,272
12,3,56,47,1,342
12,3,54,29,1,343
12,3,37,18,1,129
12,3,18,49,1,169
12,3,39,36,1,253
12,3,18,16,1,128
12,3,29,34,1,201
12,3,45,55,1,143
12,3,48,32,1,292
12,3,30,43,1,264
12,3,29,39,1,312
12,3,29,53,1,192
12,3,26,55,1,182
12,3,31,34,1,326
12,3,40,13,1,328
12,3,30,55,1,234
12,3,13,43,1,195
12,3,46,36,1,311
12,3,22,13,1,61
12,3,57,7,1,6
12,3,46,20,1,242
12,3,48,57,1,235
12,3,51,35,1,133
12,3,59,17,1,74
12,3,21,15,1,75
12,3,33,10,1,94
12,3,36,6,1,64
12,3,33,15,1,127
12,3,14,25,1,356
12,3,19,47,1,289
12,3,45,3,1,357
12,3,25,4,1,303
12,3,14,48,1,276
12,3,39,1,1,173
12,3,52,32,1,213
12,3,30,56,1,8
12,3,45,33,1,281
12,3,33,35,1,196
12,3,26,57,1,279
12,3,31,53,1,360
12,3,53,8,1,190
12,3,14,14,1,52
12,3,53,12,1,97
12,3,58,17,1,121
12,3,41,43,1,296
12,3,31,39,1,290
12,3,15,9,1,160
12,3,44,34,1,98
12,3,59,47,1,54
12,3,17,25,1,211
12,3,59,55,1,229
12,3,39,59,1,307
12,3,44,38,1,257
12,3,35,54,1,250
12,3,25,28,1,89
12,3,41,37,1,333
12,3,32,14,1,218
12,3,15,22,1,154
12,3,45,14,1,260
12,3,28,55,1,332
12,3,30,56,1,291
12,3,14,37,1,42
12,3,52,3,1,232
12,3,56,34,1,282
24,5,35,35,1,44
24,5,17,45,1,142
24,5,25,49,1,340
24,5,47,4,1,40
24,5,58,60,1,271
24,5,24,42,1,33
24,5,50,36,1,99
24,5,27,9,1,76
24,5,17,47,1,176
24,5,56,47,1,3
24,5,43,28,1,57
24,5,58,42,1,13
24,5,46,52,1,181
24,5,54,12,1,342
24,5,13,4,1,70
24,5,14,20,1,156
24,5,18,8,1,168
24,5,32,47,1,344
24,5,56,23,1,108
24,5,33,56,1,324
24,5,32,45,1,69
24,5,19,2,1,233
24,5,17,3,1,301
24,5,27,22,1,192
24,5,59,21,1,35
24,5,22,28,1,83
24,5,59,48,1,347
24,5,33,40,1,277
24,5,14,15,1,302
24,5,39,33,1,179
24,5,31,17,1,161
24,5,15,30,1,265
24,5,52,15,1,336
24,5,58,14,1,102
24,5,32,50,1,133
24,5,20,40,1,31
24,5,51,10,1,359
24,5,57,19,1,136
24,5,26,37,1,236
24,5,31,52,1,141
24,5,52,7,1,262
24,5,21,32,1,30
24,5,33,42,1,310
24,5,60,50,1,66
24,5,52,28,1,80
24,5,60,37,1,151
24,5,45,38,1,153
24,5,32,59,1,81
24,5,47,35,1,152
24,5,48,48,1,247
24,5,43,39,1,138
24,5,26,26,1,32
68,9,40,58,1,44
12,3,23,10,1,44
12,3,38,27,1,227
68,9,40,28,1,142
68,9,19,1,1,324
42,3,41,53,1,142
42,3,16,24,1,340
42,3,49,35,1,13
42,3,31,16,1,342
42,3,37,18,1,168
42,3,36,40,1,344
42,3,32,47,1,233
42,3,15,47,1,35
42,3,36,8,1,347
42,3,25,23,1,161
42,3,36,0,1,336
42,3,42,33,1,359
42,3,42,46,1,262
74,5,49,53,1,270
74,5,18,39,1,158
74,5,48,42,1,36
74,5,54,53,1,227
74,5,56,45,1,205
74,5,34,57,1,343
74,5,18,47,1,169
74,5,31,50,1,238
74,5,13,18,1,15
74,5,54,24,1,312
74,5,52,10,1,92
74,5,39,13,1,61
74,5,21,2,1,120
74,5,44,32,1,281
74,5,44,23,1,26
74,5,29,52,1,115
74,5,28,7,1,172
74,5,57,60,1,361
74,5,60,17,1,87
74,5,57,36,1,166
74,5,26,41,1,290
74,5,27,35,1,260
74,5,21,0,1,332
74,5,33,48,1,291
40,1,51,16,1,270
40,1,22,41,1,170
40,1,57,56,1,253
40,1,47,16,1,128
40,1,44,3,1,252
40,1,47,55,1,72
40,1,13,32,1,288
40,1,54,11,1,110
40,1,35,0,1,4
40,1,21,3,1,34
40,1,47,60,1,256
40,1,13,58,1,194
40,1,13,12,1,195
40,1,17,34,1,311
40,1,45,24,1,8
40,1,30,47,1,96
40,1,43,43,1,50
40,1,42,47,1,25
40,1,22,35,1,228
40,1,54,52,1,198
40,1,38,36,1,246
40,1,49,39,1,124
40,1,60,1,1,307
40,1,59,9,1,210
79,10,22,32,1,270
30,1,44,38,1,68
49,10,57,28,1,340
10,1,15,18,1,341
24,5,37,12,1,27
42,3,14,12,1,27
42,3,46,46,1,33
42,3,60,29,1,277
42,3,29,22,1,302
38,9,17,24,1,238
38,9,58,25,1,234
38,9,59,18,1,189
38,9,21,21,1,209
38,9,44,1,1,125
38,9,27,10,1,124
38,9,50,10,1,231
19,10,46,49,1,45
19,10,34,19,1,318
19,10,59,56,1,221
21,2,13,32,1,45
5,6,28,56,1,45
4,5,46,47,1,45
81,2,28,15,1,45
60,1,57,43,1,45
60,1,35,37,1,67
60,1,21,52,1,167
60,1,51,39,1,284
60,1,21,42,1,288
60,1,39,42,1,110
60,1,46,17,1,47
60,1,15,40,1,255
60,1,38,36,1,225
60,1,27,8,1,325
60,1,42,57,1,204
60,1,43,48,1,199
60,1,52,56,1,241
60,1,26,6,1,244
60,1,21,37,1,95
60,1,21,36,1,137
60,1,14,42,1,114
60,1,48,57,1,246
60,1,53,11,1,14
60,1,49,2,1,319
27,8,16,22,1,56
27,8,57,55,1,129
27,8,35,49,1,149
27,8,28,6,1,160
27,8,49,19,1,228
27,8,20,54,1,128
27,8,14,8,1,276
27,8,45,15,1,208
27,8,53,27,1,218
27,8,14,46,1,282
49,10,25,40,1,205
49,10,21,52,1,272
49,10,49,15,1,129
49,10,20,9,1,128
49,10,32,43,1,74
49,10,33,40,1,64
49,10,14,52,1,357
49,10,49,39,1,245
49,10,19,47,1,281
49,10,26,34,1,196
49,10,57,6,1,166
49,10,57,38,1,290
49,10,53,33,1,116
49,10,19,41,1,280
49,10,44,41,1,261
49,10,19,33,1,218
49,10,14,27,1,291
49,10,22,10,1,78
49,10,19,0,1,53
51,2,33,16,1,56
51,2,36,24,1,129
51,2,21,33,1,128
51,2,44,38,1,143
51,2,28,36,1,19
51,2,44,15,1,276
51,2,27,45,1,296
51,2,40,14,1,334
51,2,52,14,1,229
51,2,35,10,1,124
51,2,19,22,1,154
51,2,47,5,1,42
68,9,19,52,1,56
68,9,45,42,1,170
68,9,59,25,1,253
68,9,25,26,1,201
68,9,16,5,1,252
68,9,57,49,1,194
68,9,59,42,1,311
68,9,33,39,1,173
68,9,14,54,1,228
68,9,53,22,1,155
68,9,31,39,1,79
68,9,43,56,1,250
18,9,31,23,1,33
18,9,34,3,1,67
18,9,31,2,1,284
18,9,28,47,1,109
18,9,48,15,1,277
18,9,36,24,1,225
18,9,13,55,1,92
18,9,55,54,1,199
18,9,13,19,1,95
18,9,60,41,1,117
18,9,21,49,1,221
18,9,55,7,1,66
24,5,48,27,1,299
24,5,21,30,1,240
24,5,59,15,1,226
24,5,24,9,1,191
34,5,60,1,1,299
34,5,41,27,1,168
34,5,31,11,1,35
34,5,48,23,1,329
34,5,58,16,1,161
34,5,48,51,1,102
34,5,14,25,1,230
34,5,15,3,1,82
12,3,48,55,1,299
65,6,44,11,1,101
13,4,56,36,1,163
13,4,46,15,1,132
13,4,36,49,1,325
13,4,46,31,1,92
13,4,32,30,1,111
13,4,14,14,1,77
13,4,59,20,1,62
13,4,27,25,1,174
23,4,54,57,1,101
27,8,30,33,1,238
63,4,14,34,1,101
63,4,32,51,1,84
63,4,58,9,1,238
63,4,38,17,1,305
63,4,19,21,1,90
63,4,16,51,1,239
63,4,55,57,1,130
63,4,46,15,1,214
63,4,39,18,1,202
63,4,20,27,1,206
63,4,42,37,1,85
63,4,40,15,1,118
63,4,40,1,1,284
63,4,41,20,1,182
63,4,57,4,1,288
63,4,13,39,1,17
63,4,13,5,1,109
63,4,15,38,1,258
63,4,40,55,1,110
63,4,42,54,1,255
63,4,24,27,1,4
63,4,37,16,1,34
63,4,49,52,1,273
63,4,60,47,1,331
63,4,34,31,1,163
63,4,55,32,1,171
63,4,29,3,1,293
63,4,57,13,1,287
63,4,24,6,1,73
63,4,29,21,1,234
63,4,31,21,1,48
63,4,42,50,1,92
63,4,51,2,1,59
63,4,45,7,1,188
63,4,51,18,1,5
63,4,27,5,1,263
63,4,40,1,1,7
63,4,29,45,1,19
63,4,24,45,1,111
63,4,38,52,1,189
63,4,22,20,1,353
63,4,52,43,1,147
63,4,18,45,1,105
63,4,43,14,1,313
63,4,26,42,1,49
63,4,26,5,1,159
63,4,21,1,1,355
63,4,34,3,1,38
63,4,19,22,1,22
63,4,34,18,1,209
63,4,34,12,1,23
63,4,31,24,1,96
63,4,45,13,1,134
63,4,47,60,1,20
63,4,58,19,1,50
63,4,43,49,1,146
63,4,18,17,1,279
63,4,16,50,1,207
63,4,22,56,1,115
63,4,32,11,1,212
63,4,33,43,1,137
63,4,31,6,1,87
63,4,22,30,1,283
63,4,17,7,1,10
63,4,26,57,1,122
63,4,39,58,1,121
63,4,35,28,1,51
63,4,31,31,1,248
63,4,52,47,1,125
63,4,35,5,1,198
63,4,37,36,1,259
63,4,26,41,1,219
63,4,57,48,1,323
63,4,47,27,1,229
63,4,23,35,1,249
63,4,14,26,1,298
63,4,25,8,1,237
63,4,51,59,1,65
63,4,49,26,1,363
63,4,48,47,1,243
63,4,45,14,1,231
73,4,54,16,1,205
73,4,13,57,1,169
73,4,30,5,1,15
73,4,37,41,1,254
73,4,21,8,1,195
73,4,33,18,1,184
73,4,16,59,1,303
73,4,54,12,1,8
49,10,30,34,1,260
54,5,34,42,1,205
54,5,19,25,1,169
54,5,13,50,1,15
54,5,13,5,1,254
54,5,47,21,1,26
54,5,59,25,1,166
54,5,14,8,1,116
79,10,54,35,1,205
79,10,39,27,1,71
79,10,20,27,1,169
79,10,24,56,1,170
79,10,35,53,1,180
79,10,44,30,1,15
79,10,44,54,1,253
79,10,56,47,1,201
79,10,18,59,1,252
79,10,23,36,1,264
79,10,32,24,1,131
79,10,54,15,1,326
79,10,59,40,1,254
79,10,34,36,1,163
79,10,54,28,1,194
79,10,53,55,1,306
79,10,38,8,1,184
79,10,36,16,1,330
79,10,16,59,1,313
79,10,16,13,1,74
79,10,14,50,1,75
79,10,35,20,1,354
79,10,38,25,1,94
79,10,51,2,1,357
79,10,23,13,1,224
79,10,21,35,1,245
79,10,37,30,1,281
79,10,16,21,1,26
79,10,32,49,1,166
79,10,49,56,1,321
79,10,44,27,1,290
79,10,21,47,1,228
79,10,57,12,1,211
79,10,23,55,1,304
79,10,19,60,1,79
79,10,59,27,1,267
79,10,15,60,1,250
79,10,38,17,1,88
79,10,44,17,1,89
79,10,38,29,1,260
79,10,28,49,1,291
79,10,28,16,1,78
79,10,19,9,1,232
79,10,58,46,1,53
55,6,38,35,1,205
55,6,35,3,1,169
55,6,17,14,1,15
55,6,18,31,1,254
55,6,23,26,1,357
55,6,28,60,1,281
55,6,33,4,1,26
55,6,50,4,1,166
55,6,14,18,1,116
55,6,40,42,1,267
55,6,45,5,1,261
55,6,53,20,1,291
55,6,15,35,1,78
13,4,44,21,1,205
13,4,56,4,1,180
13,4,51,57,1,330
13,4,49,18,1,94
13,4,19,2,1,245
13,4,42,27,1,295
13,4,28,18,1,107
49,10,46,56,1,157
49,10,45,8,1,28
49,10,23,39,1,296
49,10,39,20,1,309
37,8,23,27,1,46
27,8,22,30,1,46
27,8,28,2,1,202
27,8,14,48,1,325
27,8,44,55,1,135
9,10,44,25,1,343
64,5,43,23,1,129
64,5,16,7,1,84
64,5,55,23,1,238
64,5,52,29,1,41
64,5,54,60,1,128
64,5,35,12,1,214
64,5,57,15,1,200
64,5,59,42,1,193
64,5,44,31,1,91
64,5,35,7,1,273
64,5,24,52,1,171
64,5,19,52,1,293
64,5,58,11,1,73
64,5,38,35,1,195
64,5,53,0,1,294
64,5,15,21,1,223
64,5,40,10,1,313
64,5,28,48,1,75
64,5,17,29,1,266
64,5,13,50,1,355
64,5,30,26,1,22
64,5,20,46,1,23
64,5,15,38,1,279
64,5,31,30,1,338
64,5,15,39,1,361
64,5,13,30,1,227
64,5,46,57,1,125
64,5,25,60,1,290
64,5,38,11,1,154
64,5,30,51,1,139
64,5,27,0,1,282
74,5,19,15,1,16
74,5,47,21,1,180
74,5,23,31,1,10
74,5,38,4,1,362
74,5,45,34,1,222
73,4,47,45,1,16
13,4,51,34,1,16
12,3,15,27,1,16
12,3,14,16,1,258
12,3,26,27,1,110
12,3,60,15,1,225
12,3,42,43,1,331
12,3,15,8,1,60
12,3,18,35,1,158
12,3,32,54,1,104
12,3,50,8,1,145
12,3,30,13,1,63
12,3,52,3,1,111
12,3,28,59,1,21
12,3,44,12,1,318
12,3,41,9,1,77
12,3,28,8,1,217
12,3,16,30,1,37
12,3,35,17,1,117
12,3,31,18,1,320
12,3,49,15,1,221
12,3,60,3,1,187
12,3,22,40,1,174
12,3,45,31,1,243
12,3,45,13,1,14
13,4,20,47,1,84
13,4,53,28,1,288
13,4,27,42,1,37
64,5,60,45,1,100
45,6,31,56,1,100
45,6,30,43,1,292
45,6,59,28,1,184
45,6,20,20,1,164
34,5,41,55,1,238
34,5,54,20,1,193
34,5,24,32,1,189
34,5,50,15,1,355
34,5,23,37,1,356
34,5,50,51,1,209
34,5,21,30,1,279
34,5,36,40,1,203
34,5,48,28,1,361
34,5,43,51,1,125
34,5,41,52,1,191
34,5,26,37,1,247
34,5,49,23,1,364
42,3,57,23,1,324
53,4,59,24,1,12
68,9,44,26,1,12
68,9,46,53,1,133
62,3,24,25,1,41
62,3,54,19,1,264
62,3,15,0,1,94
62,3,13,59,1,307
62,3,14,0,1,333
62,3,40,0,1,363
62,3,34,17,1,332
62,3,58,30,1,327
57,8,43,29,1,41
14,5,18,29,1,41
20,1,15,50,1,41
20,1,13,52,1,315
7,8,46,6,1,305
7,8,54,26,1,91
7,8,47,34,1,242
74,5,40,35,1,239
74,5,57,38,1,352
74,5,31,25,1,314
74,5,36,18,1,229
74,5,54,31,1,210
23,4,20,25,1,239
23,4,45,51,1,158
23,4,30,3,1,20
64,5,60,3,1,111
64,5,13,58,1,77
64,5,39,39,1,174
64,5,49,48,1,332
26,7,45,7,1,345
74,5,14,9,1,201
74,5,19,36,1,300
74,5,59,44,1,79
50,1,26,51,1,214
50,1,25,19,1,256
50,1,46,0,1,349
50,1,14,31,1,183
50,1,45,51,1,104
50,1,33,6,1,285
50,1,21,34,1,25
50,1,20,31,1,220
50,1,35,27,1,210
50,1,45,23,1,185
64,5,17,23,1,6
74,5,40,9,1,278
74,5,44,5,1,313
74,5,47,30,1,244
74,5,38,31,1,146
74,5,52,42,1,338
35,6,26,50,1,202
51,2,44,2,1,202
51,2,59,5,1,312
51,2,23,2,1,328
51,2,41,50,1,60
51,2,55,8,1,132
51,2,52,22,1,208
51,2,44,41,1,187
51,2,18,49,1,139
14,5,56,59,1,55
60,1,42,36,1,55
36,7,17,49,1,193
36,7,53,51,1,48
36,7,20,20,1,5
36,7,35,19,1,189
36,7,16,60,1,49
36,7,58,18,1,355
36,7,44,25,1,356
36,7,24,23,1,209
36,7,50,46,1,361
36,7,60,35,1,174
36,7,50,31,1,124
36,7,35,8,1,139
64,5,50,17,1,123
12,3,42,24,1,193
12,3,55,21,1,189
12,3,35,0,1,231
51,2,59,0,1,292
51,2,36,56,1,263
64,5,19,3,1,286
64,5,14,10,1,362
49,10,42,57,1,91
49,10,25,29,1,249
31,2,49,55,1,91
31,2,38,1,1,356
23,4,56,43,1,91
49,10,14,33,1,312
49,10,55,9,1,241
49,10,14,12,1,21
49,10,24,48,1,106
49,10,21,38,1,95
49,10,30,11,1,114
49,10,25,20,1,37
49,10,23,29,1,308
49,10,35,33,1,319
13,4,47,25,1,215
13,4,47,59,1,314
13,4,13,11,1,113
8,9,33,25,1,215
8,9,56,39,1,59
8,9,17,1,1,358
8,9,48,12,1,114
8,9,15,20,1,113
51,2,28,8,1,131
51,2,32,53,1,61
51,2,60,31,1,172
51,2,24,29,1,88
51,2,36,50,1,78
56,7,40,11,1,118
11,2,13,38,1,182
11,2,24,42,1,216
11,2,54,2,1,7
11,2,23,11,1,111
11,2,50,31,1,126
11,2,49,34,1,106
11,2,58,26,1,338
11,2,54,5,1,119
11,2,48,19,1,77
11,2,15,41,1,208
11,2,24,58,1,248
11,2,58,8,1,174
11,2,17,17,1,304
11,2,16,23,1,229
26,7,32,46,1,182
26,7,46,27,1,229
59,10,32,44,1,182
59,10,57,57,1,241
59,10,40,33,1,134
59,10,55,48,1,338
59,10,60,42,1,212
59,10,18,15,1,95
59,10,48,4,1,114
59,10,21,41,1,121
59,10,41,33,1,210
59,10,38,41,1,319
33,4,49,29,1,346
13,4,46,52,1,109
23,4,13,12,1,109
27,8,38,51,1,103
27,8,34,33,1,350
59,10,15,12,1,103
59,10,59,28,1,92
59,10,49,20,1,149
59,10,38,4,1,11
59,10,28,4,1,246
34,5,16,47,1,43
64,5,24,35,1,58
64,5,57,7,1,62
49,10,58,20,1,58
73,4,49,18,1,326
54,5,46,21,1,326
54,5,47,24,1,132
54,5,55,0,1,248
39,10,37,26,1,277
76,7,13,19,1,47
76,7,32,5,1,255
13,4,34,29,1,4
51,2,31,20,1,348
12,3,49,52,1,348
50,1,42,56,1,93
41,2,43,14,1,171
41,2,15,33,1,294
41,2,43,18,1,223
13,4,39,29,1,171
13,4,42,45,1,294
13,4,16,47,1,241
13,4,35,52,1,223
13,4,28,55,1,95
13,4,24,47,1,114
13,4,46,9,1,246
13,4,58,41,1,319
44,5,49,5,1,287
51,2,14,22,1,234
51,2,27,59,1,281
49,10,34,24,1,132
49,10,49,47,1,175
27,8,38,60,1,132
74,5,31,49,1,183
73,4,27,56,1,25
49,10,24,49,1,316
73,4,44,60,1,216
73,4,47,26,1,227
55,6,13,10,1,104
27,8,41,35,1,294
27,8,38,35,1,223
65,6,23,7,1,164
59,10,22,23,1,285
59,10,56,48,1,25
59,10,19,53,1,185
34,5,49,14,1,265
34,5,34,17,1,141
27,8,20,13,1,360
73,4,59,46,1,286
13,4,50,59,1,286
49,10,27,19,1,25
49,10,16,56,1,140
27,8,51,21,1,86
13,4,53,23,1,86
18,9,45,18,1,6
49,10,20,59,1,6
13,4,53,4,1,6
78,9,29,45,1,242
26,7,30,33,1,242
16,7,37,10,1,242
48,9,51,44,1,242
48,9,17,19,1,248
27,8,46,29,1,19
27,8,42,37,1,304
74,5,43,13,1,111
74,5,44,4,1,77
74,5,38,55,1,123
74,5,14,19,1,174
40,1,53,14,1,111
40,1,50,9,1,77
40,1,41,54,1,174
74,5,53,56,1,112
31,2,44,7,1,189
13,4,23,10,1,120
43,4,60,45,1,74
43,4,58,30,1,75
43,4,16,0,1,354
64,5,48,6,1,354
51,2,19,47,1,354
74,5,32,14,1,148
51,2,54,17,1,148
51,2,24,56,1,203
51,2,24,34,1,290
51,2,54,41,1,232
51,2,32,4,1,282
2,3,51,37,1,64
2,3,51,10,1,282
55,6,55,6,1,64
55,6,17,5,1,290
55,6,15,24,1,280
55,6,59,18,1,260
29,10,29,57,1,64
29,10,19,0,1,260
29,10,49,45,1,282
76,7,42,51,1,355
51,2,57,9,1,356
51,2,32,41,1,357
51,2,57,36,1,279
51,2,32,7,1,360
51,2,50,6,1,361
51,2,34,9,1,297
51,2,32,7,1,364
61,2,51,37,1,356
68,9,31,41,1,289
68,9,40,47,1,296
27,8,20,5,1,357
11,2,47,53,1,303
70,1,51,5,1,303
70,1,58,47,1,276
70,1,59,13,1,218
70,1,36,34,1,282
12,3,27,44,1,275
49,10,18,39,1,173
74,5,44,57,1,358
35,6,32,6,1,126
13,4,51,4,1,126
13,4,49,40,1,333
39,10,46,58,1,126
39,10,37,49,1,296
39,10,46,6,1,333
11,2,29,11,1,50
11,2,43,14,1,122
51,2,46,14,1,50
77,8,44,29,1,360
39,10,16,42,1,26
65,6,48,32,1,115
49,10,24,32,1,172
49,10,26,50,1,295
49,10,32,5,1,107
49,10,16,18,1,361
49,10,44,27,1,364
14,5,21,46,1,361
14,5,42,15,1,364
12,3,15,55,1,361
12,3,21,15,1,364
54,5,58,33,1,25
26,7,16,28,1,25
64,5,33,7,1,25
52,3,35,16,1,52
65,6,35,48,1,87
65,6,45,42,1,139
14,5,25,52,1,117
68,9,14,6,1,320
46,7,38,24,1,320
46,7,13,22,1,221
51,2,43,39,1,122
77,8,57,14,1,123
50,1,33,40,1,123
60,1,38,35,1,221
22,3,50,0,1,221
3,4,45,17,1,221
80,1,32,7,1,221
69,10,23,46,1,221
68,9,33,60,1,221
55,6,15,22,1,208
47,8,32,25,1,208
69,10,32,54,1,141
73,4,58,37,1,321
73,4,57,22,1,260
31,2,17,26,1,321
31,2,18,12,1,260
77,8,42,28,1,308
77,8,37,56,1,222
46,7,29,5,1,260
46,7,41,19,1,53
29,10,33,28,1,290
68,9,37,24,1,290
54,5,38,5,1,362
36,7,59,48,1,362
27,8,20,32,1,362
46,7,36,5,1,362
43,4,46,1,1,211
43,4,36,48,1,88
43,4,49,50,1,78
43,4,49,42,1,322
31,2,51,7,1,304
54,5,53,18,1,280
12,3,13,5,1,280
78,9,60,57,1,307
78,9,26,34,1,332
6,7,16,15,1,307
44,5,17,42,1,88
44,5,47,48,1,78
47,8,23,35,1,333
31,2,33,24,1,333
51,2,13,32,1,333
58,9,28,42,1,218
13,4,39,54,1,210
23,4,26,23,1,65
44,5,25,3,1,175
1,2,36,51,1,175
71,2,27,16,1,175
55,6,53,59,1,363
13,4,20,52,1,363
73,4,21,3,1,332
26,7,41,0,1,332
77,8,41,42,1,332
75,6,20,7,1,243
59,10,35,18,1,243
17,8,20,21,1,309
31,2,19,27,1,322
72,3,15,1,1,139
28,9,50,32,1,139
49,10,42,30,1,232
